frame,model_key,model_name,calculator,device,dtype,natoms,formula,energy_eV,energy_per_atom_eV,max_force_eV_A,rms_force_eV_A,formal_charge_sum_e,predicted_charge_sum_e,status,error
0,off,medium,off,cuda,float32,34,H23O11,-22901.7675781,-673.581399357,8.01224141431,3.58093342346,1,,ok,
1,off,medium,off,cuda,float32,39,H26O13,-27046.5996094,-693.502554087,7.02894140064,3.25558102304,0,,ok,
2,off,medium,off,cuda,float32,42,H28O14,-29127.8222656,-693.519577753,10.5326785935,3.72447620331,0,,ok,
3,off,medium,off,cuda,float32,51,H34O17,-35368.9492188,-693.508808211,8.03272358948,3.39814482514,0,,ok,
4,off,medium,off,cuda,float32,54,H36O18,-37449.3359375,-693.506221065,11.0953969175,3.89181386924,0,,ok,
5,off,medium,off,cuda,float32,42,H28O14,-29126.8457031,-693.496326265,8.7609691056,3.67346586157,0,,ok,
6,off,medium,off,cuda,float32,45,H30O15,-31207.671875,-693.503819444,9.30901887448,4.04916885106,0,,ok,
7,off,medium,off,cuda,float32,39,H26O13,-27049.0332031,-693.564953926,5.75858648828,2.56160759224,0,,ok,
8,off,medium,off,cuda,float32,33,H22O11,-22886.5585938,-693.532078598,5.64128269177,3.01427185895,0,,ok,
9,off,medium,off,cuda,float32,48,H32O16,-33288.2851562,-693.505940755,7.11839910666,3.06353958909,0,,ok,
10,off,medium,off,cuda,float32,25,H17O8,-16660.5566406,-666.422265625,5.90414562611,3.46047636102,1,,ok,
11,off,medium,off,cuda,float32,34,H23O11,-22901.765625,-673.581341912,9.29070043408,3.84156105863,1,,ok,
12,off,medium,off,cuda,float32,31,H21O10,-20823.09375,-671.712701613,6.14727911915,3.44244999557,1,,ok,
13,off,medium,off,cuda,float32,37,H25O12,-24983.6425781,-675.233583193,7.88259916436,3.87434224792,1,,ok,
14,off,medium,off,cuda,float32,54,H36O18,-37450.359375,-693.525173611,15.3212299751,4.36963915235,0,,ok,
15,off,medium,off,cuda,float32,54,H36O18,-37446.2421875,-693.448929398,8.52328515916,3.78864522652,0,,ok,
16,off,medium,off,cuda,float32,45,H30O15,-31204.4433594,-693.432074653,6.48364600331,3.60469796561,0,,ok,
17,off,medium,off,cuda,float32,42,H28O14,-29126.8847656,-693.497256324,8.06607321017,3.76995482804,0,,ok,
18,off,medium,off,cuda,float32,33,H22O11,-22884.7460938,-693.477154356,7.37831611622,3.415402821,0,,ok,
19,off,medium,off,cuda,float32,48,H32O16,-33286.9492188,-693.478108724,9.39984424095,3.80122850542,0,,ok,
20,off,medium,off,cuda,float32,30,H20O10,-20806.9394531,-693.564648437,8.53839405233,3.59994220171,0,,ok,
21,off,medium,off,cuda,float32,33,H22O11,-22887.1210938,-693.549124053,9.5454888102,4.09467774935,0,,ok,
22,off,medium,off,cuda,float32,30,H20O10,-20805.9238281,-693.530794271,6.75409931466,3.83994332831,0,,ok,
23,off,medium,off,cuda,float32,33,H22O11,-22884.6699219,-693.474846117,10.0937660619,4.0818540322,0,,ok,
24,off,medium,off,cuda,float32,28,H19O9,-18741.7402344,-669.347865513,7.57464614942,3.82007861973,1,,ok,
25,off,medium,off,cuda,float32,28,H19O9,-18740.3710938,-669.298967634,8.43708676424,3.86293525995,1,,ok,
26,off,medium,off,cuda,float32,28,H19O9,-18740.9882812,-669.321010045,6.97532356251,3.84105153689,1,,ok,
27,off,medium,off,cuda,float32,31,H21O10,-20823.0625,-671.711693548,6.14403184385,3.00102782534,1,,ok,
28,off,medium,off,cuda,float32,28,H19O9,-18742.6015625,-669.378627232,6.33159085574,3.25688954654,1,,ok,
29,off,medium,off,cuda,float32,31,H21O10,-20822.1816406,-671.68327873,6.83622900434,3.70923036693,1,,ok,
30,off,medium,off,cuda,float32,36,H24O12,-24968.6738281,-693.574273003,14.9046067368,4.31103877373,0,,ok,
31,off,medium,off,cuda,float32,42,H28O14,-29127.6855469,-693.516322545,8.85235441606,3.87816428639,0,,ok,
32,off,medium,off,cuda,float32,36,H24O12,-24964.4257812,-693.456271701,8.25858511945,3.12165772398,0,,ok,
33,off,medium,off,cuda,float32,33,H22O11,-22886.3398438,-693.525449811,5.57488000918,3.22919828825,0,,ok,
34,off,medium,off,cuda,float32,33,H22O11,-22888.1855469,-693.581380208,6.31373858311,3.10884157533,0,,ok,
35,off,medium,off,cuda,float32,39,H26O13,-27047.90625,-693.536057692,6.85007531617,3.37935921869,0,,ok,
36,off,medium,off,cuda,float32,45,H30O15,-31208.0742188,-693.512760417,11.3872835577,3.79167072044,0,,ok,
37,off,medium,off,cuda,float32,36,H24O12,-24967.7714844,-693.549207899,9.67699073106,3.39181923804,0,,ok,
38,off,medium,off,cuda,float32,45,H30O15,-31208.0976562,-693.51328125,7.3884690593,3.55369604643,0,,ok,
39,off,medium,off,cuda,float32,33,H22O11,-22883.9921875,-693.454308712,10.0338223409,4.29168459642,0,,ok,
40,off,medium,off,cuda,float32,62,H42O20,-41637.2460938,-671.568485383,15.4031640316,4.6949434757,2,,ok,
41,off,medium,off,cuda,float32,61,H41O20,-41618.984375,-682.278432377,8.28088043978,3.71699264557,1,,ok,
42,off,medium,off,cuda,float32,43,H29O14,-29137.6855469,-677.620594113,9.39155787958,4.22893644762,1,,ok,
43,off,medium,off,cuda,float32,37,H25O12,-24980.7265625,-675.154771959,9.1216192023,4.01215726445,1,,ok,
44,off,medium,off,cuda,float32,34,H23O11,-22898.78125,-673.493566176,11.4305140496,4.9623643267,1,,ok,
45,off,medium,off,cuda,float32,40,H27O13,-27057.2402344,-676.431005859,9.07975070301,4.01451828729,1,,ok,
46,off,medium,off,cuda,float32,54,H36O18,-37444.8710938,-693.423538773,7.60918054009,3.44019536297,0,,ok,
47,off,medium,off,cuda,float32,37,H25O12,-24979.3144531,-675.116606841,7.73237333408,3.90490213074,1,,ok,
48,off,medium,off,cuda,float32,46,H31O15,-31224.1308594,-678.785453465,9.94494482941,3.96217099469,1,,ok,
49,off,medium,off,cuda,float32,56,H38O18,-37480.140625,-669.288225446,7.33024350015,3.77103912293,2,,ok,
50,off,medium,off,cuda,float32,24,H16O8,-16644.46875,-693.51953125,6.74761524568,3.20265344705,0,,ok,
51,off,medium,off,cuda,float32,33,H22O11,-22885.09375,-693.487689394,7.79761206655,3.92385849064,0,,ok,
52,off,medium,off,cuda,float32,45,H30O15,-31208.9296875,-693.531770833,6.91255145484,3.21610639563,0,,ok,
53,off,medium,off,cuda,float32,42,H28O14,-29127.0800781,-693.501906622,10.4971070551,3.60174349936,0,,ok,
54,off,medium,off,cuda,float32,33,H22O11,-22884.4960938,-693.469578598,7.2254029454,3.77823260641,0,,ok,
55,off,medium,off,cuda,float32,22,H15O7,-14580.328125,-662.7421875,6.06219684954,3.08562487695,1,,ok,
56,off,medium,off,cuda,float32,34,H23O11,-22901.7714844,-673.581514246,10.6465522566,4.36647655026,1,,ok,
57,off,medium,off,cuda,float32,49,H33O16,-33304.3398438,-679.680404974,6.9337420606,3.45013007636,1,,ok,
58,off,medium,off,cuda,float32,46,H31O15,-31222.9472656,-678.759723166,8.37411371725,4.16119874617,1,,ok,
59,off,medium,off,cuda,float32,46,H31O15,-31223.1191406,-678.763459579,11.483795352,4.22110918003,1,,ok,
60,off,medium,off,cuda,float32,40,H27O13,-27060.6621094,-676.516552734,11.4212485032,3.90100982776,1,,ok,
61,off,medium,off,cuda,float32,34,H23O11,-22903.2734375,-673.625689338,8.39480384967,3.51789152041,1,,ok,
62,off,medium,off,cuda,float32,31,H21O10,-20819.7050781,-671.603389617,15.0972690408,5.99848968614,1,,ok,
63,off,medium,off,cuda,float32,40,H27O13,-27062.0175781,-676.550439453,7.09133036426,3.4216327352,1,,ok,
64,off,medium,off,cuda,float32,37,H25O12,-24982.0664062,-675.190983953,8.56853557676,3.57531728791,1,,ok,
65,off,medium,off,cuda,float32,28,H19O9,-18740.5625,-669.305803571,12.4843634852,5.1613398516,1,,ok,
66,off,medium,off,cuda,float32,28,H19O9,-18739.75,-669.276785714,13.4233067877,5.2034227463,1,,ok,
67,off,medium,off,cuda,float32,34,H23O11,-22901.7773438,-673.581686581,11.7375713576,4.06054234737,1,,ok,
68,off,medium,off,cuda,float32,34,H23O11,-22903.4238281,-673.630112592,5.48711833672,3.27125378747,1,,ok,
69,off,medium,off,cuda,float32,46,H31O15,-31223.8261719,-678.778829823,12.689675468,4.03737762084,1,,ok,
70,off,medium,off,cuda,float32,30,H20O10,-20803.3984375,-693.446614583,10.4212730088,4.4381413731,0,,ok,
71,off,medium,off,cuda,float32,34,H23O11,-22898.7109375,-673.491498162,7.36223341058,4.03893760522,1,,ok,
72,off,medium,off,cuda,float32,31,H21O10,-20818.9707031,-671.579700101,7.98757016802,4.30378127434,1,,ok,
73,off,medium,off,cuda,float32,28,H19O9,-18741.4609375,-669.337890625,8.61637171152,3.43367224207,1,,ok,
74,off,medium,off,cuda,float32,28,H19O9,-18741.8574219,-669.352050781,7.44588899194,3.81377681229,1,,ok,
75,off,medium,off,cuda,float32,31,H21O10,-20821.7714844,-671.670047883,8.71764705861,4.05123717209,1,,ok,
76,off,medium,off,cuda,float32,34,H23O11,-22902.0527344,-673.589786305,5.81374878564,2.84064789911,1,,ok,
77,off,medium,off,cuda,float32,40,H27O13,-27059.6757812,-676.491894531,8.86897320138,4.03600385161,1,,ok,
78,off,medium,off,cuda,float32,34,H23O11,-22900.3828125,-673.540670956,7.83161197703,4.05620964809,1,,ok,
79,off,medium,off,cuda,float32,40,H27O13,-27060.8730469,-676.521826172,7.86914822546,4.39457369152,1,,ok,
80,off,medium,off,cuda,float32,34,H23O11,-22900.5410156,-673.545323989,7.10851497859,3.65312189533,1,,ok,
81,off,medium,off,cuda,float32,34,H23O11,-22899.9335938,-673.52745864,8.49245256249,4.06856288386,1,,ok,
82,off,medium,off,cuda,float32,55,H37O18,-37465.1171875,-681.183948864,9.91805079412,3.53139066042,1,,ok,
83,off,medium,off,cuda,float32,61,H41O20,-41623.6015625,-682.354123975,10.607959828,4.25182504583,1,,ok,
84,off,medium,off,cuda,float32,43,H29O14,-29141.6757812,-677.713390262,7.34638116046,3.54884484872,1,,ok,
85,off,medium,off,cuda,float32,37,H25O12,-24980.3183594,-675.143739443,10.2637431871,3.73169982459,1,,ok,
86,off,medium,off,cuda,float32,40,H27O13,-27061.2148438,-676.530371094,7.94150400459,3.96463207151,1,,ok,
87,off,medium,off,cuda,float32,28,H19O9,-18741.3632812,-669.334402902,6.7008616269,3.35532915709,1,,ok,
88,off,medium,off,cuda,float32,37,H25O12,-24981.96875,-675.188344595,5.78862913095,3.27953616231,1,,ok,
89,off,medium,off,cuda,float32,43,H29O14,-29142.7265625,-677.737827035,6.85581205536,3.39422682573,1,,ok,
90,off,medium,off,cuda,float32,31,H21O10,-20822.2988281,-671.687058972,6.16599595723,3.20105975736,1,,ok,
91,off,medium,off,cuda,float32,31,H21O10,-20822.1171875,-671.681199597,7.18930834019,3.57273661522,1,,ok,
92,off,medium,off,cuda,float32,28,H19O9,-18742.7304688,-669.383231027,5.97367264222,3.11259864375,1,,ok,
93,off,medium,off,cuda,float32,31,H21O10,-20822.5039062,-671.693674395,7.65499251703,3.52796778256,1,,ok,
94,off,medium,off,cuda,float32,34,H23O11,-22902.2460938,-673.595473346,13.3871626615,3.97939162841,1,,ok,
95,off,medium,off,cuda,float32,34,H23O11,-22902.8320312,-673.612706801,6.70024582972,3.025993001,1,,ok,
96,off,medium,off,cuda,float32,37,H25O12,-24985.65625,-675.288006757,5.75972616931,3.11021616896,1,,ok,
97,off,medium,off,cuda,float32,40,H27O13,-27066.1523438,-676.653808594,7.14009718849,3.16115514162,1,,ok,
98,off,medium,off,cuda,float32,28,H19O9,-18741.8710938,-669.352539062,10.5995552703,4.20617710528,1,,ok,
99,off,medium,off,cuda,float32,31,H21O10,-20823.5,-671.725806452,7.05488276996,3.32150492882,1,,ok,
100,off,medium,off,cuda,float32,44,H29O15,-31191.6386719,-708.900878906,10.8450063857,3.88979621069,-1,,ok,
101,off,medium,off,cuda,float32,44,H29O15,-31190.2070312,-708.868341619,10.006975418,3.38670277551,-1,,ok,
102,off,medium,off,cuda,float32,44,H29O15,-31188.2617188,-708.824129972,7.14265452741,3.70473717651,-1,,ok,
103,off,medium,off,cuda,float32,53,H35O18,-37432.5546875,-706.274616745,15.0940217405,4.24768255105,-1,,ok,
104,off,medium,off,cuda,float32,42,H28O14,-29126.203125,-693.481026786,8.63774125456,4.19786322601,0,,ok,
105,off,medium,off,cuda,float32,50,H33O17,-35350.4726562,-707.009453125,11.3158230943,3.96961810444,-1,,ok,
106,off,medium,off,cuda,float32,44,H29O15,-31189.9042969,-708.861461293,7.78061501893,3.35480063717,-1,,ok,
107,off,medium,off,cuda,float32,38,H25O13,-27028.0351562,-711.264083059,6.89352827181,3.33563556417,-1,,ok,
108,off,medium,off,cuda,float32,50,H33O17,-35351.6523438,-707.033046875,6.64714940182,3.3705106299,-1,,ok,
109,off,medium,off,cuda,float32,36,H24O12,-24966.5605469,-693.515570747,7.7621237063,3.73423838421,0,,ok,
110,off,medium,off,cuda,float32,22,H15O7,-14579.8359375,-662.719815341,5.60405352403,3.23162600031,1,,ok,
111,off,medium,off,cuda,float32,28,H19O9,-18740.0839844,-669.288713728,7.29750440867,3.44680112461,1,,ok,
112,off,medium,off,cuda,float32,34,H23O11,-22901.7167969,-673.57990579,6.61803056181,3.87455590158,1,,ok,
113,off,medium,off,cuda,float32,37,H25O12,-24982.0097656,-675.189453125,5.47564280095,3.37125036955,1,,ok,
114,off,medium,off,cuda,float32,37,H25O12,-24983.2578125,-675.223184122,9.3976812314,4.1714977291,1,,ok,
115,off,medium,off,cuda,float32,43,H29O14,-29142.9667969,-677.743413881,9.68364791541,3.95292158708,1,,ok,
116,off,medium,off,cuda,float32,49,H33O16,-33302.4726562,-679.642299107,7.54234191143,3.60613604633,1,,ok,
117,off,medium,off,cuda,float32,40,H27O13,-27058.09375,-676.45234375,11.7805347417,4.66466865898,1,,ok,
118,off,medium,off,cuda,float32,57,H38O19,-39527.6171875,-693.466968202,8.02757061615,3.52709614907,0,,ok,
119,off,medium,off,cuda,float32,37,H25O12,-24980.1679688,-675.139674831,8.9757583182,3.57482447987,1,,ok,
120,off,medium,off,cuda,float32,25,H17O8,-16659.5332031,-666.381328125,6.23846689479,2.86920456745,1,,ok,
121,off,medium,off,cuda,float32,31,H21O10,-20820.1035156,-671.61624244,9.05141471945,3.78945263118,1,,ok,
122,off,medium,off,cuda,float32,28,H19O9,-18739.9355469,-669.283412388,9.92411922088,3.91131372572,1,,ok,
123,off,medium,off,cuda,float32,25,H17O8,-16660.1464844,-666.405859375,8.01615335447,3.67256382703,1,,ok,
124,off,medium,off,cuda,float32,25,H17O8,-16661.265625,-666.450625,6.60329840536,2.89404791095,1,,ok,
125,off,medium,off,cuda,float32,28,H19O9,-18740.1660156,-669.291643415,7.59239015841,3.56295041754,1,,ok,
126,off,medium,off,cuda,float32,22,H15O7,-14580.4453125,-662.747514205,4.1956745185,2.51765324398,1,,ok,
127,off,medium,off,cuda,float32,25,H17O8,-16659.2304688,-666.36921875,7.93177388679,2.8938725481,1,,ok,
128,off,medium,off,cuda,float32,25,H17O8,-16658.9902344,-666.359609375,7.91274149629,3.02255460317,1,,ok,
129,off,medium,off,cuda,float32,22,H15O7,-14579.8310547,-662.719593395,6.00366605348,2.95945645823,1,,ok,
130,off,medium,off,cuda,float32,24,H16O8,-16640.2324219,-693.343017578,10.3300224864,4.36220576664,0,,ok,
131,off,medium,off,cuda,float32,33,H22O11,-22883.4355469,-693.437440814,6.17359899966,3.4283292314,0,,ok,
132,off,medium,off,cuda,float32,42,H28O14,-29125.6855469,-693.468703497,12.2726185005,4.27360184282,0,,ok,
133,off,medium,off,cuda,float32,39,H26O13,-27045.03125,-693.462339744,11.6778889326,4.42437629952,0,,ok,
134,off,medium,off,cuda,float32,39,H26O13,-27044.3320312,-693.444411058,8.6811175345,3.53505004398,0,,ok,
135,off,medium,off,cuda,float32,27,H18O9,-18720.359375,-693.346643519,11.0507872437,4.68690946307,0,,ok,
136,off,medium,off,cuda,float32,24,H16O8,-16639.390625,-693.307942708,11.7455955118,4.8654499681,0,,ok,
137,off,medium,off,cuda,float32,31,H21O10,-20817.1523438,-671.521043347,10.4498500086,4.61999618177,1,,ok,
138,off,medium,off,cuda,float32,28,H19O9,-18736.8066406,-669.171665737,9.93731066272,4.46579952749,1,,ok,
139,off,medium,off,cuda,float32,28,H19O9,-18739.3574219,-669.262765067,5.9364383665,3.33432771563,1,,ok,
140,off,medium,off,cuda,float32,42,H28O14,-29128.8847656,-693.544875372,10.2689790156,4.18050694724,0,,ok,
141,off,medium,off,cuda,float32,36,H24O12,-24966.46875,-693.513020833,7.44370919506,3.35502037015,0,,ok,
142,off,medium,off,cuda,float32,36,H24O12,-24963.6757812,-693.435438368,9.24939823018,3.93849784422,0,,ok,
143,off,medium,off,cuda,float32,39,H26O13,-27046.1171875,-693.490184295,7.4460642599,3.55066698732,0,,ok,
144,off,medium,off,cuda,float32,38,H25O13,-27028.7578125,-711.283100329,15.9508298462,5.6139191902,-1,,ok,
145,off,medium,off,cuda,float32,30,H20O10,-20804.5683594,-693.485611979,9.11412413034,3.08354101459,0,,ok,
146,off,medium,off,cuda,float32,24,H16O8,-16639.8339844,-693.326416016,9.53975048994,3.91466734901,0,,ok,
147,off,medium,off,cuda,float32,35,H23O12,-24948.8046875,-712.822991071,6.05511204896,2.81519393508,-1,,ok,
148,off,medium,off,cuda,float32,27,H18O9,-18724.8203125,-693.511863426,9.03720084213,4.10915748131,0,,ok,
149,off,medium,off,cuda,float32,30,H20O10,-20805.65625,-693.521875,7.87654600616,3.81238135234,0,,ok,
150,off,medium,off,cuda,float32,39,H26O13,-27047.4960938,-693.525540865,7.95032642851,3.64965448767,0,,ok,
151,off,medium,off,cuda,float32,37,H25O12,-24979.5078125,-675.12183277,11.6025646661,4.31328836794,1,,ok,
152,off,medium,off,cuda,float32,43,H29O14,-29143.7128906,-677.760764898,5.68059038604,2.87302269203,1,,ok,
153,off,medium,off,cuda,float32,37,H25O12,-24982.3730469,-675.199271537,8.09961250236,3.75328476982,1,,ok,
154,off,medium,off,cuda,float32,31,H21O10,-20822.890625,-671.706149194,10.4637188052,3.70440382444,1,,ok,
155,off,medium,off,cuda,float32,37,H25O12,-24981.3515625,-675.171663851,19.4059126065,6.39959553454,1,,ok,
156,off,medium,off,cuda,float32,34,H23O11,-22902.3632812,-673.598920037,12.0130504344,4.27652944354,1,,ok,
157,off,medium,off,cuda,float32,31,H21O10,-20821.5371094,-671.662487399,7.98221035033,3.70078740312,1,,ok,
158,off,medium,off,cuda,float32,27,H18O9,-18725.3457031,-693.531322338,8.89013656766,3.83108265529,0,,ok,
159,off,medium,off,cuda,float32,27,H18O9,-18723.9335938,-693.479021991,9.90433976395,4.35981259473,0,,ok,
160,off,medium,off,cuda,float32,43,H29O14,-29139.8652344,-677.67128452,10.2901611534,4.25982282103,1,,ok,
161,off,medium,off,cuda,float32,40,H27O13,-27061.0898438,-676.527246094,7.20816094661,3.48609105762,1,,ok,
162,off,medium,off,cuda,float32,25,H17O8,-16659.4648438,-666.37859375,9.3178180985,3.84200574556,1,,ok,
163,off,medium,off,cuda,float32,27,H18O9,-18722.6933594,-693.433087384,12.8679579729,5.10317934736,0,,ok,
164,off,medium,off,cuda,float32,30,H20O10,-20803.5136719,-693.450455729,10.3208871494,4.54156953875,0,,ok,
165,off,medium,off,cuda,float32,28,H19O9,-18739.0976562,-669.253487723,12.1437875457,5.19028889215,1,,ok,
166,off,medium,off,cuda,float32,31,H21O10,-20821.6738281,-671.666897681,5.40140951234,2.83607841551,1,,ok,
167,off,medium,off,cuda,float32,37,H25O12,-24981.4277344,-675.173722551,8.58104621959,3.93844912606,1,,ok,
168,off,medium,off,cuda,float32,40,H27O13,-27063.5683594,-676.589208984,7.38651486979,3.57055924388,1,,ok,
169,off,medium,off,cuda,float32,40,H27O13,-27063.4042969,-676.585107422,9.27772557878,4.24354116984,1,,ok,
170,off,medium,off,cuda,float32,37,H25O12,-24983.4453125,-675.228251689,6.72624087806,3.42724216005,1,,ok,
171,off,medium,off,cuda,float32,37,H25O12,-24981.1738281,-675.16686022,9.62575420069,3.61360463429,1,,ok,
172,off,medium,off,cuda,float32,42,H28O14,-29125.0410156,-693.453357515,7.20266049491,3.62425249763,0,,ok,
173,off,medium,off,cuda,float32,31,H21O10,-20818.9296875,-671.578377016,10.831727154,4.47876318584,1,,ok,
174,off,medium,off,cuda,float32,39,H26O13,-27046.4980469,-693.49994992,6.71767076573,3.13890004155,0,,ok,
175,off,medium,off,cuda,float32,30,H20O10,-20804.4609375,-693.48203125,11.6840703447,4.42997960616,0,,ok,
176,off,medium,off,cuda,float32,36,H24O12,-24964.1210938,-693.44780816,13.5111110359,3.98729515681,0,,ok,
177,off,medium,off,cuda,float32,49,H33O16,-33300.640625,-679.604910714,11.2399037234,4.3785567075,1,,ok,
178,off,medium,off,cuda,float32,37,H25O12,-24981.2089844,-675.167810389,10.1704214203,4.60203524297,1,,ok,
179,off,medium,off,cuda,float32,35,H23O12,-24949.8125,-712.851785714,7.04729495905,3.21086236399,-1,,ok,
