frame,model_key,model_name,calculator,device,dtype,natoms,formula,energy_eV,energy_per_atom_eV,max_force_eV_A,rms_force_eV_A,formal_charge_sum_e,mlip_charge_setting_e,predicted_charge_sum_e,status,error
0,off,medium,off,cuda,float32,34,H23O11,-22901.765625,-673.581341912,8.01224286446,3.58093380928,1,1,,ok,
1,off,medium,off,cuda,float32,39,H26O13,-27046.5996094,-693.502554087,7.02894160926,3.2555809704,0,0,,ok,
2,off,medium,off,cuda,float32,42,H28O14,-29127.8222656,-693.519577753,10.5326778892,3.72447617636,0,0,,ok,
3,off,medium,off,cuda,float32,51,H34O17,-35368.9492188,-693.508808211,8.0327242815,3.39814499921,0,0,,ok,
4,off,medium,off,cuda,float32,54,H36O18,-37449.3359375,-693.506221065,11.095393972,3.89181362008,0,0,,ok,
5,off,medium,off,cuda,float32,42,H28O14,-29126.8457031,-693.496326265,8.76097008014,3.67346590436,0,0,,ok,
6,off,medium,off,cuda,float32,45,H30O15,-31207.671875,-693.503819444,9.30901741144,4.04916848096,0,0,,ok,
7,off,medium,off,cuda,float32,39,H26O13,-27049.0332031,-693.564953926,5.75858648967,2.5616076318,0,0,,ok,
8,off,medium,off,cuda,float32,33,H22O11,-22886.5585938,-693.532078598,5.6412835538,3.01427195688,0,0,,ok,
9,off,medium,off,cuda,float32,48,H32O16,-33288.2851562,-693.505940755,7.11839867932,3.0635394197,0,0,,ok,
10,off,medium,off,cuda,float32,25,H17O8,-16660.5566406,-666.422265625,5.90414524226,3.46047610597,1,1,,ok,
11,off,medium,off,cuda,float32,34,H23O11,-22901.765625,-673.581341912,9.29070029859,3.84156128712,1,1,,ok,
12,off,medium,off,cuda,float32,31,H21O10,-20823.09375,-671.712701613,6.14727944545,3.4424501228,1,1,,ok,
13,off,medium,off,cuda,float32,37,H25O12,-24983.6425781,-675.233583193,7.88259781247,3.87434195015,1,1,,ok,
14,off,medium,off,cuda,float32,54,H36O18,-37450.359375,-693.525173611,15.3212292439,4.36963892632,0,0,,ok,
15,off,medium,off,cuda,float32,54,H36O18,-37446.2421875,-693.448929398,8.52328580331,3.788645047,0,0,,ok,
16,off,medium,off,cuda,float32,45,H30O15,-31204.4433594,-693.432074653,6.48364559535,3.60469800735,0,0,,ok,
17,off,medium,off,cuda,float32,42,H28O14,-29126.8847656,-693.497256324,8.06607345934,3.76995485869,0,0,,ok,
18,off,medium,off,cuda,float32,33,H22O11,-22884.7460938,-693.477154356,7.37831760635,3.415402866,0,0,,ok,
19,off,medium,off,cuda,float32,48,H32O16,-33286.9492188,-693.478108724,9.39984510346,3.80122861374,0,0,,ok,
20,off,medium,off,cuda,float32,30,H20O10,-20806.9394531,-693.564648437,8.53839350611,3.59994216841,0,0,,ok,
21,off,medium,off,cuda,float32,33,H22O11,-22887.1210938,-693.549124053,9.54548910546,4.09467775527,0,0,,ok,
22,off,medium,off,cuda,float32,30,H20O10,-20805.9238281,-693.530794271,6.75409966518,3.83994324138,0,0,,ok,
23,off,medium,off,cuda,float32,33,H22O11,-22884.6699219,-693.474846117,10.0937678988,4.08185436721,0,0,,ok,
24,off,medium,off,cuda,float32,28,H19O9,-18741.7402344,-669.347865513,7.57464614155,3.82007868965,1,1,,ok,
25,off,medium,off,cuda,float32,28,H19O9,-18740.3710938,-669.298967634,8.4370877658,3.86293532624,1,1,,ok,
26,off,medium,off,cuda,float32,28,H19O9,-18740.9882812,-669.321010045,6.97532371362,3.84105150973,1,1,,ok,
27,off,medium,off,cuda,float32,31,H21O10,-20823.0625,-671.711693548,6.14403015741,3.0010277715,1,1,,ok,
28,off,medium,off,cuda,float32,28,H19O9,-18742.6015625,-669.378627232,6.33159042765,3.25688932319,1,1,,ok,
29,off,medium,off,cuda,float32,31,H21O10,-20822.1816406,-671.68327873,6.83622861976,3.70923040017,1,1,,ok,
30,off,medium,off,cuda,float32,36,H24O12,-24968.6738281,-693.574273003,14.9046060502,4.31103865203,0,0,,ok,
31,off,medium,off,cuda,float32,42,H28O14,-29127.6855469,-693.516322545,8.85235296463,3.87816408649,0,0,,ok,
32,off,medium,off,cuda,float32,36,H24O12,-24964.4257812,-693.456271701,8.25858638177,3.12165801129,0,0,,ok,
33,off,medium,off,cuda,float32,33,H22O11,-22886.3398438,-693.525449811,5.57488027347,3.22919836457,0,0,,ok,
34,off,medium,off,cuda,float32,33,H22O11,-22888.1855469,-693.581380208,6.31373950438,3.10884162514,0,0,,ok,
35,off,medium,off,cuda,float32,39,H26O13,-27047.90625,-693.536057692,6.85007421072,3.37935927047,0,0,,ok,
36,off,medium,off,cuda,float32,45,H30O15,-31208.0742188,-693.512760417,11.3872815286,3.79167059419,0,0,,ok,
37,off,medium,off,cuda,float32,36,H24O12,-24967.7714844,-693.549207899,9.67699073106,3.39181912197,0,0,,ok,
38,off,medium,off,cuda,float32,45,H30O15,-31208.0976562,-693.51328125,7.3884679865,3.55369644886,0,0,,ok,
39,off,medium,off,cuda,float32,33,H22O11,-22883.9921875,-693.454308712,10.0338236829,4.29168491983,0,0,,ok,
40,off,medium,off,cuda,float32,62,H42O20,-41637.2460938,-671.568485383,15.4031621704,4.69494346793,2,2,,ok,
41,off,medium,off,cuda,float32,61,H41O20,-41618.984375,-682.278432377,8.28088179492,3.71699282928,1,1,,ok,
42,off,medium,off,cuda,float32,43,H29O14,-29137.6855469,-677.620594113,9.39155793944,4.22893631724,1,1,,ok,
43,off,medium,off,cuda,float32,37,H25O12,-24980.7265625,-675.154771959,9.12161949302,4.0121573794,1,1,,ok,
44,off,medium,off,cuda,float32,34,H23O11,-22898.78125,-673.493566176,11.4305116048,4.9623638173,1,1,,ok,
45,off,medium,off,cuda,float32,40,H27O13,-27057.2363281,-676.430908203,9.07975051626,4.0145184406,1,1,,ok,
46,off,medium,off,cuda,float32,54,H36O18,-37444.8710938,-693.423538773,7.60918173019,3.44019555954,0,0,,ok,
47,off,medium,off,cuda,float32,37,H25O12,-24979.3144531,-675.116606841,7.73237150332,3.90490207208,1,1,,ok,
48,off,medium,off,cuda,float32,46,H31O15,-31224.1308594,-678.785453465,9.94494483006,3.96217080956,1,1,,ok,
49,off,medium,off,cuda,float32,56,H38O18,-37480.140625,-669.288225446,7.33024383271,3.77103923567,2,2,,ok,
50,off,medium,off,cuda,float32,24,H16O8,-16644.46875,-693.51953125,6.74761531761,3.20265336541,0,0,,ok,
51,off,medium,off,cuda,float32,33,H22O11,-22885.09375,-693.487689394,7.79761148672,3.92385836389,0,0,,ok,
52,off,medium,off,cuda,float32,45,H30O15,-31208.9296875,-693.531770833,6.91255156997,3.21610653039,0,0,,ok,
53,off,medium,off,cuda,float32,42,H28O14,-29127.0800781,-693.501906622,10.4971070551,3.60174355289,0,0,,ok,
54,off,medium,off,cuda,float32,33,H22O11,-22884.4960938,-693.469578598,7.22540334389,3.77823227543,0,0,,ok,
55,off,medium,off,cuda,float32,22,H15O7,-14580.328125,-662.7421875,6.06219709836,3.08562504599,1,1,,ok,
56,off,medium,off,cuda,float32,34,H23O11,-22901.7714844,-673.581514246,10.6465531525,4.36647695474,1,1,,ok,
57,off,medium,off,cuda,float32,49,H33O16,-33304.3398438,-679.680404974,6.93374312217,3.45012998274,1,1,,ok,
58,off,medium,off,cuda,float32,46,H31O15,-31222.9472656,-678.759723166,8.37411379827,4.16119881192,1,1,,ok,
59,off,medium,off,cuda,float32,46,H31O15,-31223.1191406,-678.763459579,11.4837959459,4.22110924551,1,1,,ok,
60,off,medium,off,cuda,float32,40,H27O13,-27060.6621094,-676.516552734,11.4212490517,3.90100986175,1,1,,ok,
61,off,medium,off,cuda,float32,34,H23O11,-22903.2734375,-673.625689338,8.3948029389,3.51789146115,1,1,,ok,
62,off,medium,off,cuda,float32,31,H21O10,-20819.7050781,-671.603389617,15.0972673502,5.99848954363,1,1,,ok,
63,off,medium,off,cuda,float32,40,H27O13,-27062.0175781,-676.550439453,7.09133124149,3.42163283477,1,1,,ok,
64,off,medium,off,cuda,float32,37,H25O12,-24982.0664062,-675.190983953,8.56853591283,3.57531719702,1,1,,ok,
65,off,medium,off,cuda,float32,28,H19O9,-18740.5625,-669.305803571,12.484365462,5.1613400007,1,1,,ok,
66,off,medium,off,cuda,float32,28,H19O9,-18739.75,-669.276785714,13.423306023,5.20342267674,1,1,,ok,
67,off,medium,off,cuda,float32,34,H23O11,-22901.7773438,-673.581686581,11.7375721274,4.06054251767,1,1,,ok,
68,off,medium,off,cuda,float32,34,H23O11,-22903.4238281,-673.630112592,5.4871174736,3.27125369628,1,1,,ok,
69,off,medium,off,cuda,float32,46,H31O15,-31223.8261719,-678.778829823,12.6896753147,4.03737781879,1,1,,ok,
70,off,medium,off,cuda,float32,30,H20O10,-20803.3984375,-693.446614583,10.421272873,4.43814135489,0,0,,ok,
71,off,medium,off,cuda,float32,34,H23O11,-22898.7109375,-673.491498162,7.36223263932,4.0389373547,1,1,,ok,
72,off,medium,off,cuda,float32,31,H21O10,-20818.9707031,-671.579700101,7.98757122036,4.30378135288,1,1,,ok,
73,off,medium,off,cuda,float32,28,H19O9,-18741.4609375,-669.337890625,8.61637225841,3.43367216438,1,1,,ok,
74,off,medium,off,cuda,float32,28,H19O9,-18741.8574219,-669.352050781,7.44588792572,3.81377645352,1,1,,ok,
75,off,medium,off,cuda,float32,31,H21O10,-20821.7714844,-671.670047883,8.71764701239,4.05123699476,1,1,,ok,
76,off,medium,off,cuda,float32,34,H23O11,-22902.0527344,-673.589786305,5.81374924674,2.8406482065,1,1,,ok,
77,off,medium,off,cuda,float32,40,H27O13,-27059.6738281,-676.491845703,8.86897275354,4.03600390442,1,1,,ok,
78,off,medium,off,cuda,float32,34,H23O11,-22900.3828125,-673.540670956,7.83161276039,4.05620955526,1,1,,ok,
79,off,medium,off,cuda,float32,40,H27O13,-27060.8730469,-676.521826172,7.86914899128,4.39457363982,1,1,,ok,
80,off,medium,off,cuda,float32,34,H23O11,-22900.5410156,-673.545323989,7.1085158985,3.65312199476,1,1,,ok,
81,off,medium,off,cuda,float32,34,H23O11,-22899.9335938,-673.52745864,8.4924529326,4.06856297075,1,1,,ok,
82,off,medium,off,cuda,float32,55,H37O18,-37465.1171875,-681.183948864,9.91805245513,3.53139075009,1,1,,ok,
83,off,medium,off,cuda,float32,61,H41O20,-41623.6015625,-682.354123975,10.6079586681,4.25182489166,1,1,,ok,
84,off,medium,off,cuda,float32,43,H29O14,-29141.6757812,-677.713390262,7.34638213228,3.54884491394,1,1,,ok,
85,off,medium,off,cuda,float32,37,H25O12,-24980.3183594,-675.143739443,10.2637418368,3.7316995698,1,1,,ok,
86,off,medium,off,cuda,float32,40,H27O13,-27061.2148438,-676.530371094,7.94150463914,3.96463196023,1,1,,ok,
87,off,medium,off,cuda,float32,28,H19O9,-18741.3632812,-669.334402902,6.70086140792,3.35532914684,1,1,,ok,
88,off,medium,off,cuda,float32,37,H25O12,-24981.96875,-675.188344595,5.78862885181,3.27953629468,1,1,,ok,
89,off,medium,off,cuda,float32,43,H29O14,-29142.7265625,-677.737827035,6.85581288553,3.39422668302,1,1,,ok,
90,off,medium,off,cuda,float32,31,H21O10,-20822.2988281,-671.687058972,6.1659955297,3.20105959466,1,1,,ok,
91,off,medium,off,cuda,float32,31,H21O10,-20822.1171875,-671.681199597,7.18930935839,3.57273676773,1,1,,ok,
92,off,medium,off,cuda,float32,28,H19O9,-18742.7304688,-669.383231027,5.97367408607,3.11259878702,1,1,,ok,
93,off,medium,off,cuda,float32,31,H21O10,-20822.5039062,-671.693674395,7.6549924653,3.52796750462,1,1,,ok,
94,off,medium,off,cuda,float32,34,H23O11,-22902.2460938,-673.595473346,13.3871614909,3.97939148367,1,1,,ok,
95,off,medium,off,cuda,float32,34,H23O11,-22902.8320312,-673.612706801,6.70024649413,3.02599317807,1,1,,ok,
96,off,medium,off,cuda,float32,37,H25O12,-24985.65625,-675.288006757,5.75972611577,3.11021611722,1,1,,ok,
97,off,medium,off,cuda,float32,40,H27O13,-27066.1523438,-676.653808594,7.14009758612,3.16115522036,1,1,,ok,
98,off,medium,off,cuda,float32,28,H19O9,-18741.8710938,-669.352539062,10.5995552809,4.20617707062,1,1,,ok,
99,off,medium,off,cuda,float32,31,H21O10,-20823.5,-671.725806452,7.05488243673,3.32150473228,1,1,,ok,
100,off,medium,off,cuda,float32,44,H29O15,-31191.6386719,-708.900878906,10.8450063857,3.88979603785,-1,-1,,ok,
101,off,medium,off,cuda,float32,44,H29O15,-31190.2070312,-708.868341619,10.0069748051,3.38670290847,-1,-1,,ok,
102,off,medium,off,cuda,float32,44,H29O15,-31188.2617188,-708.824129972,7.14265417559,3.70473726837,-1,-1,,ok,
103,off,medium,off,cuda,float32,53,H35O18,-37432.5546875,-706.274616745,15.0940212939,4.24768253003,-1,-1,,ok,
104,off,medium,off,cuda,float32,42,H28O14,-29126.203125,-693.481026786,8.63774134575,4.19786333381,0,0,,ok,
105,off,medium,off,cuda,float32,50,H33O17,-35350.4726562,-707.009453125,11.31582426,3.96961816595,-1,-1,,ok,
106,off,medium,off,cuda,float32,44,H29O15,-31189.9042969,-708.861461293,7.78061464971,3.35480052874,-1,-1,,ok,
107,off,medium,off,cuda,float32,38,H25O13,-27028.0351562,-711.264083059,6.893527933,3.33563558687,-1,-1,,ok,
108,off,medium,off,cuda,float32,50,H33O17,-35351.6523438,-707.033046875,6.64714894053,3.37051053368,-1,-1,,ok,
109,off,medium,off,cuda,float32,36,H24O12,-24966.5605469,-693.515570747,7.76212335235,3.7342384512,0,0,,ok,
110,off,medium,off,cuda,float32,22,H15O7,-14579.8359375,-662.719815341,5.60405257968,3.23162583105,1,1,,ok,
111,off,medium,off,cuda,float32,28,H19O9,-18740.0839844,-669.288713728,7.29750438006,3.44680116459,1,1,,ok,
112,off,medium,off,cuda,float32,34,H23O11,-22901.7167969,-673.57990579,6.61803055686,3.87455582098,1,1,,ok,
113,off,medium,off,cuda,float32,37,H25O12,-24982.0097656,-675.189453125,5.47564324606,3.37125030224,1,1,,ok,
114,off,medium,off,cuda,float32,37,H25O12,-24983.2578125,-675.223184122,9.39768055895,4.17149773246,1,1,,ok,
115,off,medium,off,cuda,float32,43,H29O14,-29142.9667969,-677.743413881,9.6836486275,3.95292170683,1,1,,ok,
116,off,medium,off,cuda,float32,49,H33O16,-33302.4726562,-679.642299107,7.5423418461,3.60613604091,1,1,,ok,
117,off,medium,off,cuda,float32,40,H27O13,-27058.09375,-676.45234375,11.7805348156,4.6646687348,1,1,,ok,
118,off,medium,off,cuda,float32,57,H38O19,-39527.6171875,-693.466968202,8.02757057532,3.52709614001,0,0,,ok,
119,off,medium,off,cuda,float32,37,H25O12,-24980.1679688,-675.139674831,8.97575720639,3.57482436284,1,1,,ok,
120,off,medium,off,cuda,float32,25,H17O8,-16659.5332031,-666.381328125,6.23846746626,2.86920454233,1,1,,ok,
121,off,medium,off,cuda,float32,31,H21O10,-20820.1035156,-671.61624244,9.05141505909,3.7894526207,1,1,,ok,
122,off,medium,off,cuda,float32,28,H19O9,-18739.9355469,-669.283412388,9.92411818773,3.91131359225,1,1,,ok,
123,off,medium,off,cuda,float32,25,H17O8,-16660.1464844,-666.405859375,8.01615335447,3.67256370164,1,1,,ok,
124,off,medium,off,cuda,float32,25,H17O8,-16661.265625,-666.450625,6.60329874856,2.89404797166,1,1,,ok,
125,off,medium,off,cuda,float32,28,H19O9,-18740.1660156,-669.291643415,7.59239024965,3.56295051532,1,1,,ok,
126,off,medium,off,cuda,float32,22,H15O7,-14580.4453125,-662.747514205,4.1956753867,2.51765342416,1,1,,ok,
127,off,medium,off,cuda,float32,25,H17O8,-16659.2304688,-666.36921875,7.93177288294,2.89387247861,1,1,,ok,
128,off,medium,off,cuda,float32,25,H17O8,-16658.9902344,-666.359609375,7.9127403492,3.02255438522,1,1,,ok,
129,off,medium,off,cuda,float32,22,H15O7,-14579.8310547,-662.719593395,6.00366524779,2.9594562579,1,1,,ok,
130,off,medium,off,cuda,float32,24,H16O8,-16640.2324219,-693.343017578,10.3300215859,4.3622056817,0,0,,ok,
131,off,medium,off,cuda,float32,33,H22O11,-22883.4355469,-693.437440814,6.17359869923,3.42832918783,0,0,,ok,
132,off,medium,off,cuda,float32,42,H28O14,-29125.6855469,-693.468703497,12.2726193306,4.27360178359,0,0,,ok,
133,off,medium,off,cuda,float32,39,H26O13,-27045.03125,-693.462339744,11.6778899992,4.42437636524,0,0,,ok,
134,off,medium,off,cuda,float32,39,H26O13,-27044.3320312,-693.444411058,8.681116975,3.53505000278,0,0,,ok,
135,off,medium,off,cuda,float32,27,H18O9,-18720.359375,-693.346643519,11.0507877817,4.68690936927,0,0,,ok,
136,off,medium,off,cuda,float32,24,H16O8,-16639.390625,-693.307942708,11.7455936171,4.8654497636,0,0,,ok,
137,off,medium,off,cuda,float32,31,H21O10,-20817.1523438,-671.521043347,10.4498511294,4.61999630369,1,1,,ok,
138,off,medium,off,cuda,float32,28,H19O9,-18736.8066406,-669.171665737,9.93730901556,4.4657993685,1,1,,ok,
139,off,medium,off,cuda,float32,28,H19O9,-18739.3574219,-669.262765067,5.93643878483,3.3343278941,1,1,,ok,
140,off,medium,off,cuda,float32,42,H28O14,-29128.8847656,-693.544875372,10.2689789137,4.18050702392,0,0,,ok,
141,off,medium,off,cuda,float32,36,H24O12,-24966.46875,-693.513020833,7.44370868284,3.35502017932,0,0,,ok,
142,off,medium,off,cuda,float32,36,H24O12,-24963.6757812,-693.435438368,9.24939307575,3.93849747231,0,0,,ok,
143,off,medium,off,cuda,float32,39,H26O13,-27046.1171875,-693.490184295,7.44606380967,3.55066691301,0,0,,ok,
144,off,medium,off,cuda,float32,38,H25O13,-27028.7578125,-711.283100329,15.9508299858,5.61391934304,-1,-1,,ok,
145,off,medium,off,cuda,float32,30,H20O10,-20804.5683594,-693.485611979,9.11412315068,3.08354089914,0,0,,ok,
146,off,medium,off,cuda,float32,24,H16O8,-16639.8339844,-693.326416016,9.53974933916,3.91466740936,0,0,,ok,
147,off,medium,off,cuda,float32,35,H23O12,-24948.8046875,-712.822991071,6.05511057656,2.81519373031,-1,-1,,ok,
148,off,medium,off,cuda,float32,27,H18O9,-18724.8203125,-693.511863426,9.03720135559,4.10915755606,0,0,,ok,
149,off,medium,off,cuda,float32,30,H20O10,-20805.65625,-693.521875,7.87654698941,3.8123813535,0,0,,ok,
150,off,medium,off,cuda,float32,39,H26O13,-27047.4960938,-693.525540865,7.95032709697,3.64965458226,0,0,,ok,
151,off,medium,off,cuda,float32,37,H25O12,-24979.5078125,-675.12183277,11.6025663383,4.31328848352,1,1,,ok,
152,off,medium,off,cuda,float32,43,H29O14,-29143.7128906,-677.760764898,5.68058963324,2.87302265975,1,1,,ok,
153,off,medium,off,cuda,float32,37,H25O12,-24982.3730469,-675.199271537,8.09961323711,3.75328499492,1,1,,ok,
154,off,medium,off,cuda,float32,31,H21O10,-20822.890625,-671.706149194,10.4637186624,3.70440377338,1,1,,ok,
155,off,medium,off,cuda,float32,37,H25O12,-24981.3515625,-675.171663851,19.4059091865,6.39959515907,1,1,,ok,
156,off,medium,off,cuda,float32,34,H23O11,-22902.3632812,-673.598920037,12.0130504344,4.27652948922,1,1,,ok,
157,off,medium,off,cuda,float32,31,H21O10,-20821.5371094,-671.662487399,7.9822099531,3.70078755423,1,1,,ok,
158,off,medium,off,cuda,float32,27,H18O9,-18725.3457031,-693.531322338,8.89013669517,3.83108282297,0,0,,ok,
159,off,medium,off,cuda,float32,27,H18O9,-18723.9335938,-693.479021991,9.90433985788,4.35981245,0,0,,ok,
160,off,medium,off,cuda,float32,43,H29O14,-29139.8652344,-677.67128452,10.2901612006,4.25982285115,1,1,,ok,
161,off,medium,off,cuda,float32,40,H27O13,-27061.0917969,-676.527294922,7.20816003614,3.48609102698,1,1,,ok,
162,off,medium,off,cuda,float32,25,H17O8,-16659.4648438,-666.37859375,9.3178180985,3.84200566925,1,1,,ok,
163,off,medium,off,cuda,float32,27,H18O9,-18722.6933594,-693.433087384,12.8679594821,5.10317954912,0,0,,ok,
164,off,medium,off,cuda,float32,30,H20O10,-20803.5136719,-693.450455729,10.3208861434,4.54156953099,0,0,,ok,
165,off,medium,off,cuda,float32,28,H19O9,-18739.0976562,-669.253487723,12.143785362,5.19028847777,1,1,,ok,
166,off,medium,off,cuda,float32,31,H21O10,-20821.6738281,-671.666897681,5.40140935404,2.83607845961,1,1,,ok,
167,off,medium,off,cuda,float32,37,H25O12,-24981.4277344,-675.173722551,8.58104620052,3.93844918175,1,1,,ok,
168,off,medium,off,cuda,float32,40,H27O13,-27063.5683594,-676.589208984,7.3865142308,3.57055918919,1,1,,ok,
169,off,medium,off,cuda,float32,40,H27O13,-27063.4042969,-676.585107422,9.27772407558,4.24354099836,1,1,,ok,
170,off,medium,off,cuda,float32,37,H25O12,-24983.4453125,-675.228251689,6.72624043099,3.42724223418,1,1,,ok,
171,off,medium,off,cuda,float32,37,H25O12,-24981.1738281,-675.16686022,9.62575674339,3.61360502979,1,1,,ok,
172,off,medium,off,cuda,float32,42,H28O14,-29125.0410156,-693.453357515,7.20266036634,3.62425244871,0,0,,ok,
173,off,medium,off,cuda,float32,31,H21O10,-20818.9296875,-671.578377016,10.8317251546,4.4787631167,1,1,,ok,
174,off,medium,off,cuda,float32,39,H26O13,-27046.4980469,-693.49994992,6.71767128213,3.13889988272,0,0,,ok,
175,off,medium,off,cuda,float32,30,H20O10,-20804.4609375,-693.48203125,11.6840695637,4.42997951432,0,0,,ok,
176,off,medium,off,cuda,float32,36,H24O12,-24964.1210938,-693.44780816,13.5111121737,3.9872954192,0,0,,ok,
177,off,medium,off,cuda,float32,49,H33O16,-33300.640625,-679.604910714,11.2399027013,4.37855659654,1,1,,ok,
178,off,medium,off,cuda,float32,37,H25O12,-24981.2089844,-675.167810389,10.1704243371,4.60203544672,1,1,,ok,
179,off,medium,off,cuda,float32,35,H23O12,-24949.8125,-712.851785714,7.04729702018,3.21086262139,-1,-1,,ok,
