split,metric,category,count,fraction_of_frames
all,frames_containing_element,H,227,1.0
all,frames_containing_element,N,45,0.19823788546255505
all,frames_containing_element,O,227,1.0
all,atoms_by_element,H,4589,
all,atoms_by_element,N,299,
all,atoms_by_element,O,1806,
all,source_dataset,C3_DFTproductionstopH2_ON,65,0.28634361233480177
all,source_dataset,unspecified,162,0.7136563876651982
train,frames_containing_element,H,181,1.0
train,frames_containing_element,N,36,0.19889502762430938
train,frames_containing_element,O,181,1.0
train,atoms_by_element,H,3678,
train,atoms_by_element,N,251,
train,atoms_by_element,O,1436,
train,source_dataset,C3_DFTproductionstopH2_ON,52,0.287292817679558
train,source_dataset,unspecified,129,0.712707182320442
valid,frames_containing_element,H,23,1.0
valid,frames_containing_element,N,5,0.21739130434782608
valid,frames_containing_element,O,23,1.0
valid,atoms_by_element,H,468,
valid,atoms_by_element,N,28,
valid,atoms_by_element,O,185,
valid,source_dataset,C3_DFTproductionstopH2_ON,7,0.30434782608695654
valid,source_dataset,unspecified,16,0.6956521739130435
test,frames_containing_element,H,23,1.0
test,frames_containing_element,N,4,0.17391304347826086
test,frames_containing_element,O,23,1.0
test,atoms_by_element,H,443,
test,atoms_by_element,N,20,
test,atoms_by_element,O,185,
test,source_dataset,C3_DFTproductionstopH2_ON,6,0.2608695652173913
test,source_dataset,unspecified,17,0.7391304347826086
