r_angstrom,methanol C - all O
0.025,0.0
0.07500000000000001,0.0
0.125,0.0
0.17500000000000002,0.0
0.225,0.0
0.275,0.0
0.32500000000000007,1.4093884176578755
0.375,0.21172146007482756
0.42500000000000004,0.9890102806263569
0.475,0.5278374350895979
0.525,0.7561480716958118
0.5750000000000001,0.2701549821370669
0.625,0.22865917688081402
0.675,0.718807426179969
0.7250000000000001,0.39650570703668697
0.775,0.5452763930126926
0.8250000000000001,0.48118513653369827
0.875,0.6999770720841246
0.925,0.6263490966421115
0.9750000000000001,0.5011158818339118
1.025,0.8218218482975902
1.0750000000000002,0.5668043414658706
1.125,0.5881151668745201
1.1750000000000003,0.625388196916364
1.225,0.4563342590117603
1.275,0.5677651611003154
1.3250000000000002,0.8479410558354601
1.375,6.0156890887376395
1.4250000000000003,15.131339805901543
1.475,5.14554309748078
1.525,0.9857764836862108
1.5750000000000002,0.5401057654970083
1.625,0.8118077285709356
1.6750000000000003,0.6791688627929411
1.725,0.6703845853030957
1.775,0.680398264870503
1.8250000000000002,0.81347286452094
1.875,0.6521020970304683
1.9250000000000003,0.6668743914483714
1.975,0.7480304750280325
2.0250000000000004,0.7696321936876399
2.075,0.7260733770166677
2.125,0.6461533833425559
2.175,0.7174865174949517
2.225,0.7337146924698942
2.2750000000000004,0.6903126943630382
2.325,0.6554332400859679
2.375,0.7178589117218498
2.4250000000000003,0.7341282426337842
2.475,0.6756033735170152
2.5250000000000004,0.7471789591896615
2.575,0.8172300678729602
2.625,0.7302229949519503
2.6750000000000003,0.7947182938873034
2.725,0.7898791110021687
2.7750000000000004,0.8042013092688789
2.825,0.8394078562368359
2.875,0.7384236178413127
2.9250000000000003,0.824753222184985
2.975,0.7434397007429436
3.0250000000000004,0.9403174606492442
3.075,0.8312680764389416
3.125,0.9786612770498823
3.1750000000000003,0.9008236839007384
3.225,1.0133774589844367
3.2750000000000004,0.9660154025906905
3.325,0.8644684523661259
3.375,0.9671227188603218
3.4250000000000003,0.9720867825642495
3.475,1.013350345241944
3.5250000000000004,0.9776183308117756
3.575,1.0319984611941149
3.625,0.9312219748118735
3.6750000000000003,1.0295077244371682
3.725,1.102904682566268
3.7750000000000004,1.1386493593121192
3.825,0.9951152823586166
3.875,0.9814975074228427
3.9250000000000003,1.0919343832209112
3.975,1.011876326630312
4.025,0.9244078640472515
4.075,1.143912664900494
4.125,0.9886167350601449
4.175000000000001,1.060732941624138
4.225,1.0257679016089862
4.275,1.0507874865209608
4.325,1.0138988360862142
4.375,1.1090747831021779
4.425000000000001,0.9913989655902614
4.475,1.000590558716354
4.525,0.9800543152024551
4.575,1.0469429898889553
4.625,0.9882396858131197
4.675000000000001,1.0407766589511642
4.725,0.9428512992750363
4.775,0.9689125232173309
4.825000000000001,1.0653143615808525
4.875,1.0510905621466407
4.925000000000001,0.9746202901999056
4.975,0.8997934832603595
5.025,0.9291407359042156
5.075000000000001,1.0010902107690263
5.125,0.946512059763442
5.175000000000001,0.9405395674401681
5.225,0.9717007327785943
5.275,0.9672771271808628
5.325000000000001,0.9344976168746113
5.375,0.9749034673212906
5.425000000000001,0.9539807766437411
5.475,0.9813323445014596
5.525,0.9821827934819819
5.575000000000001,0.9780553080835963
5.625,0.9776826534122155
5.675000000000001,0.9938117983193687
5.725,0.9592688719471405
5.775,0.9355881689931618
5.825000000000001,1.0108530724713192
5.875,0.9626665210464296
5.925000000000001,0.9838042528713188
5.975,0.9674078023761958
6.025,0.9957080081169002
6.075000000000001,0.9761582330839206
6.125,0.9571115067272831
6.175000000000001,0.9822773570158573
6.225,0.9903794528830531
6.275,0.9640734886583536
6.325000000000001,1.0426642699009032
6.375,1.011720887070366
6.425000000000001,1.0270489456006269
6.475,0.9906541834645601
6.525,0.9846208739111847
6.575000000000001,1.0234219112032583
6.625,1.0141375027792205
6.675000000000001,0.9990013344649191
6.725,0.9789348890221914
6.775,0.9839984117868565
6.825000000000001,0.9990358715643044
6.875,1.0053444801701996
6.925000000000001,1.033097194698429
6.975,0.9681562892772965
7.025,0.9936383792913837
7.075000000000001,1.0284176479367841
7.125,0.9841235734225962
7.175000000000001,1.051423026182304
7.225,1.007261912102758
7.275,1.0047149742099077
7.325000000000001,0.9577517387512995
7.375,0.9946225327789979
7.425000000000001,1.0455380744435854
7.475,0.9852397672020333
7.525,1.0047895144167358
7.575000000000001,1.0128425891237853
7.625,1.0001150507216496
7.675000000000001,1.0053225649077127
7.725,0.9898561994261089
7.775,1.0313434095414
7.825000000000001,0.9773604948385912
7.875,1.029801659547613
7.925000000000001,1.0040488192604256
7.975,1.0008609228387548
8.025,0.9999858462351479
8.075,0.9894668874041281
8.125,1.0152106650073178
8.175,1.0050576843885297
8.225000000000001,1.000357052491869
8.275,0.9783042247047702
8.325,0.9910750109419634
8.375,1.0000761504625828
8.425,0.9894994053942199
8.475000000000001,1.04915618969652
8.525,1.0172210998125604
8.575,1.0025586737472494
8.625,1.0149822736290217
8.675,1.0068765713139853
8.725000000000001,1.0098404958126106
8.775,0.9979784652880574
8.825,0.9962593240847768
8.875,1.0009414474316898
8.925,0.9893840562426159
8.975000000000001,1.0190494698281463
9.025,0.9843948841386985
9.075,1.0281671888068276
9.125,0.9972640963291647
9.175,1.0111822214853032
9.225000000000001,0.9841570282082637
9.275,1.0417561543121285
9.325,0.9703526153190015
9.375,0.963417331924492
9.425,0.9914318524213914
9.475000000000001,1.0078587684760703
9.525,0.9959926705423324
9.575000000000001,0.996334584663157
9.625,0.9763683861301988
9.675,1.0022449382485463
9.725000000000001,0.9862989951378188
9.775,1.0095757117924706
9.825000000000001,0.9950082020298652
9.875,1.0316714184162186
9.925,0.9919846721459501
9.975000000000001,0.9985224041349429
