source_replica,source_lambda,source_lambda_electrostatics,source_frame,source_time_fs
0,0.0,0.0,74,37.5
0,0.0,0.0,88,44.5
0,0.0,0.0,102,51.5
0,0.0,0.0,116,58.5
0,0.0,0.0,130,65.5
0,0.0,0.0,144,72.5
0,0.0,0.0,158,79.5
0,0.0,0.0,172,86.5
0,0.0,0.0,186,93.5
0,0.0,0.0,201,101.0
0,0.0,0.0,215,108.0
0,0.0,0.0,229,115.0
0,0.0,0.0,243,122.0
0,0.0,0.0,257,129.0
0,0.0,0.0,271,136.0
0,0.0,0.0,285,143.0
0,0.0,0.0,299,150.0
0,0.0,0.0,313,157.0
0,0.0,0.0,327,164.0
1,0.05,0.05,74,37.5
1,0.05,0.05,89,45.0
1,0.05,0.05,104,52.5
1,0.05,0.05,119,60.0
1,0.05,0.05,134,67.5
1,0.05,0.05,148,74.5
1,0.05,0.05,163,82.0
1,0.05,0.05,178,89.5
1,0.05,0.05,193,97.0
1,0.05,0.05,208,104.5
1,0.05,0.05,223,112.0
1,0.05,0.05,238,119.5
1,0.05,0.05,253,127.0
1,0.05,0.05,268,134.5
1,0.05,0.05,282,141.5
1,0.05,0.05,297,149.0
1,0.05,0.05,312,156.5
1,0.05,0.05,327,164.0
2,0.1,0.1,74,37.5
2,0.1,0.1,88,44.5
2,0.1,0.1,102,51.5
2,0.1,0.1,116,58.5
2,0.1,0.1,130,65.5
2,0.1,0.1,144,72.5
2,0.1,0.1,158,79.5
2,0.1,0.1,172,86.5
2,0.1,0.1,186,93.5
2,0.1,0.1,201,101.0
2,0.1,0.1,215,108.0
2,0.1,0.1,229,115.0
2,0.1,0.1,243,122.0
2,0.1,0.1,257,129.0
2,0.1,0.1,271,136.0
2,0.1,0.1,285,143.0
2,0.1,0.1,299,150.0
2,0.1,0.1,313,157.0
2,0.1,0.1,327,164.0
3,0.15,0.15,74,37.5
3,0.15,0.15,88,44.5
3,0.15,0.15,102,51.5
3,0.15,0.15,116,58.5
3,0.15,0.15,130,65.5
3,0.15,0.15,144,72.5
3,0.15,0.15,158,79.5
3,0.15,0.15,172,86.5
3,0.15,0.15,186,93.5
3,0.15,0.15,201,101.0
3,0.15,0.15,215,108.0
3,0.15,0.15,229,115.0
3,0.15,0.15,243,122.0
3,0.15,0.15,257,129.0
3,0.15,0.15,271,136.0
3,0.15,0.15,285,143.0
3,0.15,0.15,299,150.0
3,0.15,0.15,313,157.0
3,0.15,0.15,327,164.0
4,0.2,0.2,74,37.5
4,0.2,0.2,88,44.5
4,0.2,0.2,102,51.5
4,0.2,0.2,116,58.5
4,0.2,0.2,130,65.5
4,0.2,0.2,144,72.5
4,0.2,0.2,158,79.5
4,0.2,0.2,172,86.5
4,0.2,0.2,186,93.5
4,0.2,0.2,201,101.0
4,0.2,0.2,215,108.0
4,0.2,0.2,229,115.0
4,0.2,0.2,243,122.0
4,0.2,0.2,257,129.0
4,0.2,0.2,271,136.0
4,0.2,0.2,285,143.0
4,0.2,0.2,299,150.0
4,0.2,0.2,313,157.0
4,0.2,0.2,327,164.0
5,0.3,0.3,74,37.5
5,0.3,0.3,89,45.0
5,0.3,0.3,104,52.5
5,0.3,0.3,119,60.0
5,0.3,0.3,134,67.5
5,0.3,0.3,148,74.5
5,0.3,0.3,163,82.0
5,0.3,0.3,178,89.5
5,0.3,0.3,193,97.0
5,0.3,0.3,208,104.5
5,0.3,0.3,223,112.0
5,0.3,0.3,238,119.5
5,0.3,0.3,253,127.0
5,0.3,0.3,268,134.5
5,0.3,0.3,282,141.5
5,0.3,0.3,297,149.0
5,0.3,0.3,312,156.5
5,0.3,0.3,327,164.0
6,0.4,0.4,74,37.5
6,0.4,0.4,88,44.5
6,0.4,0.4,102,51.5
6,0.4,0.4,116,58.5
6,0.4,0.4,130,65.5
6,0.4,0.4,144,72.5
6,0.4,0.4,158,79.5
6,0.4,0.4,172,86.5
6,0.4,0.4,186,93.5
6,0.4,0.4,201,101.0
6,0.4,0.4,215,108.0
6,0.4,0.4,229,115.0
6,0.4,0.4,243,122.0
6,0.4,0.4,257,129.0
6,0.4,0.4,271,136.0
6,0.4,0.4,285,143.0
6,0.4,0.4,299,150.0
6,0.4,0.4,313,157.0
6,0.4,0.4,327,164.0
7,0.5,0.5,74,37.5
7,0.5,0.5,88,44.5
7,0.5,0.5,102,51.5
7,0.5,0.5,116,58.5
7,0.5,0.5,130,65.5
7,0.5,0.5,144,72.5
7,0.5,0.5,158,79.5
7,0.5,0.5,172,86.5
7,0.5,0.5,186,93.5
7,0.5,0.5,201,101.0
7,0.5,0.5,215,108.0
7,0.5,0.5,229,115.0
7,0.5,0.5,243,122.0
7,0.5,0.5,257,129.0
7,0.5,0.5,271,136.0
7,0.5,0.5,285,143.0
7,0.5,0.5,299,150.0
7,0.5,0.5,313,157.0
7,0.5,0.5,327,164.0
8,0.6,0.6,74,37.5
8,0.6,0.6,88,44.5
8,0.6,0.6,102,51.5
8,0.6,0.6,116,58.5
8,0.6,0.6,130,65.5
8,0.6,0.6,144,72.5
8,0.6,0.6,158,79.5
8,0.6,0.6,172,86.5
8,0.6,0.6,186,93.5
8,0.6,0.6,201,101.0
8,0.6,0.6,215,108.0
8,0.6,0.6,229,115.0
8,0.6,0.6,243,122.0
8,0.6,0.6,257,129.0
8,0.6,0.6,271,136.0
8,0.6,0.6,285,143.0
8,0.6,0.6,299,150.0
8,0.6,0.6,313,157.0
8,0.6,0.6,327,164.0
9,0.7,0.7,74,37.5
9,0.7,0.7,89,45.0
9,0.7,0.7,104,52.5
9,0.7,0.7,119,60.0
9,0.7,0.7,134,67.5
9,0.7,0.7,148,74.5
9,0.7,0.7,163,82.0
9,0.7,0.7,178,89.5
9,0.7,0.7,193,97.0
9,0.7,0.7,208,104.5
9,0.7,0.7,223,112.0
9,0.7,0.7,238,119.5
9,0.7,0.7,253,127.0
9,0.7,0.7,268,134.5
9,0.7,0.7,282,141.5
9,0.7,0.7,297,149.0
9,0.7,0.7,312,156.5
9,0.7,0.7,327,164.0
10,0.8,0.8,74,37.5
10,0.8,0.8,88,44.5
10,0.8,0.8,102,51.5
10,0.8,0.8,116,58.5
10,0.8,0.8,130,65.5
10,0.8,0.8,144,72.5
10,0.8,0.8,158,79.5
10,0.8,0.8,172,86.5
10,0.8,0.8,186,93.5
10,0.8,0.8,201,101.0
10,0.8,0.8,215,108.0
10,0.8,0.8,229,115.0
10,0.8,0.8,243,122.0
10,0.8,0.8,257,129.0
10,0.8,0.8,271,136.0
10,0.8,0.8,285,143.0
10,0.8,0.8,299,150.0
10,0.8,0.8,313,157.0
10,0.8,0.8,327,164.0
11,0.85,0.85,74,37.5
11,0.85,0.85,88,44.5
11,0.85,0.85,102,51.5
11,0.85,0.85,116,58.5
11,0.85,0.85,130,65.5
11,0.85,0.85,144,72.5
11,0.85,0.85,158,79.5
11,0.85,0.85,172,86.5
11,0.85,0.85,186,93.5
11,0.85,0.85,201,101.0
11,0.85,0.85,215,108.0
11,0.85,0.85,229,115.0
11,0.85,0.85,243,122.0
11,0.85,0.85,257,129.0
11,0.85,0.85,271,136.0
11,0.85,0.85,285,143.0
11,0.85,0.85,299,150.0
11,0.85,0.85,313,157.0
11,0.85,0.85,327,164.0
12,0.9,0.9,74,37.5
12,0.9,0.9,88,44.5
12,0.9,0.9,102,51.5
12,0.9,0.9,116,58.5
12,0.9,0.9,130,65.5
12,0.9,0.9,144,72.5
12,0.9,0.9,158,79.5
12,0.9,0.9,172,86.5
12,0.9,0.9,186,93.5
12,0.9,0.9,201,101.0
12,0.9,0.9,215,108.0
12,0.9,0.9,229,115.0
12,0.9,0.9,243,122.0
12,0.9,0.9,257,129.0
12,0.9,0.9,271,136.0
12,0.9,0.9,285,143.0
12,0.9,0.9,299,150.0
12,0.9,0.9,313,157.0
12,0.9,0.9,327,164.0
13,0.925,0.925,74,37.5
13,0.925,0.925,89,45.0
13,0.925,0.925,104,52.5
13,0.925,0.925,119,60.0
13,0.925,0.925,134,67.5
13,0.925,0.925,148,74.5
13,0.925,0.925,163,82.0
13,0.925,0.925,178,89.5
13,0.925,0.925,193,97.0
13,0.925,0.925,208,104.5
13,0.925,0.925,223,112.0
13,0.925,0.925,238,119.5
13,0.925,0.925,253,127.0
13,0.925,0.925,268,134.5
13,0.925,0.925,282,141.5
13,0.925,0.925,297,149.0
13,0.925,0.925,312,156.5
13,0.925,0.925,327,164.0
14,0.95,0.95,74,37.5
14,0.95,0.95,88,44.5
14,0.95,0.95,102,51.5
14,0.95,0.95,116,58.5
14,0.95,0.95,130,65.5
14,0.95,0.95,144,72.5
14,0.95,0.95,158,79.5
14,0.95,0.95,172,86.5
14,0.95,0.95,186,93.5
14,0.95,0.95,201,101.0
14,0.95,0.95,215,108.0
14,0.95,0.95,229,115.0
14,0.95,0.95,243,122.0
14,0.95,0.95,257,129.0
14,0.95,0.95,271,136.0
14,0.95,0.95,285,143.0
14,0.95,0.95,299,150.0
14,0.95,0.95,313,157.0
14,0.95,0.95,327,164.0
15,1.0,1.0,74,37.5
15,1.0,1.0,88,44.5
15,1.0,1.0,102,51.5
15,1.0,1.0,116,58.5
15,1.0,1.0,130,65.5
15,1.0,1.0,144,72.5
15,1.0,1.0,158,79.5
15,1.0,1.0,172,86.5
15,1.0,1.0,186,93.5
15,1.0,1.0,201,101.0
15,1.0,1.0,215,108.0
15,1.0,1.0,229,115.0
15,1.0,1.0,243,122.0
15,1.0,1.0,257,129.0
15,1.0,1.0,271,136.0
15,1.0,1.0,285,143.0
15,1.0,1.0,299,150.0
15,1.0,1.0,313,157.0
15,1.0,1.0,327,164.0
