frame,stem,input,slurm,charge,multiplicity,n_atoms
0,r09_hot_w_isolatedH_bluehive_000,expand/r09_hot_w_isolatedH_bluehive_000.inp,expand/r09_hot_w_isolatedH_bluehive_000.slurm,1,1,34
1,r09_hot_w_isolatedH_bluehive_001,expand/r09_hot_w_isolatedH_bluehive_001.inp,expand/r09_hot_w_isolatedH_bluehive_001.slurm,0,1,39
2,r09_hot_w_isolatedH_bluehive_002,expand/r09_hot_w_isolatedH_bluehive_002.inp,expand/r09_hot_w_isolatedH_bluehive_002.slurm,0,1,42
3,r09_hot_w_isolatedH_bluehive_003,expand/r09_hot_w_isolatedH_bluehive_003.inp,expand/r09_hot_w_isolatedH_bluehive_003.slurm,0,1,51
4,r09_hot_w_isolatedH_bluehive_004,expand/r09_hot_w_isolatedH_bluehive_004.inp,expand/r09_hot_w_isolatedH_bluehive_004.slurm,0,1,54
5,r09_hot_w_isolatedH_bluehive_005,expand/r09_hot_w_isolatedH_bluehive_005.inp,expand/r09_hot_w_isolatedH_bluehive_005.slurm,0,1,42
6,r09_hot_w_isolatedH_bluehive_006,expand/r09_hot_w_isolatedH_bluehive_006.inp,expand/r09_hot_w_isolatedH_bluehive_006.slurm,0,1,45
7,r09_hot_w_isolatedH_bluehive_007,expand/r09_hot_w_isolatedH_bluehive_007.inp,expand/r09_hot_w_isolatedH_bluehive_007.slurm,0,1,39
8,r09_hot_w_isolatedH_bluehive_008,expand/r09_hot_w_isolatedH_bluehive_008.inp,expand/r09_hot_w_isolatedH_bluehive_008.slurm,0,1,33
9,r09_hot_w_isolatedH_bluehive_009,expand/r09_hot_w_isolatedH_bluehive_009.inp,expand/r09_hot_w_isolatedH_bluehive_009.slurm,0,1,48
10,r09_hot_w_isolatedH_bluehive_010,expand/r09_hot_w_isolatedH_bluehive_010.inp,expand/r09_hot_w_isolatedH_bluehive_010.slurm,1,1,25
11,r09_hot_w_isolatedH_bluehive_011,expand/r09_hot_w_isolatedH_bluehive_011.inp,expand/r09_hot_w_isolatedH_bluehive_011.slurm,1,1,34
12,r09_hot_w_isolatedH_bluehive_012,expand/r09_hot_w_isolatedH_bluehive_012.inp,expand/r09_hot_w_isolatedH_bluehive_012.slurm,1,1,31
13,r09_hot_w_isolatedH_bluehive_013,expand/r09_hot_w_isolatedH_bluehive_013.inp,expand/r09_hot_w_isolatedH_bluehive_013.slurm,1,1,37
14,r09_hot_w_isolatedH_bluehive_014,expand/r09_hot_w_isolatedH_bluehive_014.inp,expand/r09_hot_w_isolatedH_bluehive_014.slurm,0,1,54
15,r09_hot_w_isolatedH_bluehive_015,expand/r09_hot_w_isolatedH_bluehive_015.inp,expand/r09_hot_w_isolatedH_bluehive_015.slurm,0,1,54
16,r09_hot_w_isolatedH_bluehive_016,expand/r09_hot_w_isolatedH_bluehive_016.inp,expand/r09_hot_w_isolatedH_bluehive_016.slurm,0,1,45
17,r09_hot_w_isolatedH_bluehive_017,expand/r09_hot_w_isolatedH_bluehive_017.inp,expand/r09_hot_w_isolatedH_bluehive_017.slurm,0,1,42
18,r09_hot_w_isolatedH_bluehive_018,expand/r09_hot_w_isolatedH_bluehive_018.inp,expand/r09_hot_w_isolatedH_bluehive_018.slurm,0,1,33
19,r09_hot_w_isolatedH_bluehive_019,expand/r09_hot_w_isolatedH_bluehive_019.inp,expand/r09_hot_w_isolatedH_bluehive_019.slurm,0,1,48
20,r09_hot_w_isolatedH_bluehive_020,expand/r09_hot_w_isolatedH_bluehive_020.inp,expand/r09_hot_w_isolatedH_bluehive_020.slurm,0,1,30
21,r09_hot_w_isolatedH_bluehive_021,expand/r09_hot_w_isolatedH_bluehive_021.inp,expand/r09_hot_w_isolatedH_bluehive_021.slurm,0,1,33
22,r09_hot_w_isolatedH_bluehive_022,expand/r09_hot_w_isolatedH_bluehive_022.inp,expand/r09_hot_w_isolatedH_bluehive_022.slurm,0,1,30
23,r09_hot_w_isolatedH_bluehive_023,expand/r09_hot_w_isolatedH_bluehive_023.inp,expand/r09_hot_w_isolatedH_bluehive_023.slurm,0,1,33
24,r09_hot_w_isolatedH_bluehive_024,expand/r09_hot_w_isolatedH_bluehive_024.inp,expand/r09_hot_w_isolatedH_bluehive_024.slurm,1,1,28
25,r09_hot_w_isolatedH_bluehive_025,expand/r09_hot_w_isolatedH_bluehive_025.inp,expand/r09_hot_w_isolatedH_bluehive_025.slurm,1,1,28
26,r09_hot_w_isolatedH_bluehive_026,expand/r09_hot_w_isolatedH_bluehive_026.inp,expand/r09_hot_w_isolatedH_bluehive_026.slurm,1,1,28
27,r09_hot_w_isolatedH_bluehive_027,expand/r09_hot_w_isolatedH_bluehive_027.inp,expand/r09_hot_w_isolatedH_bluehive_027.slurm,1,1,31
28,r09_hot_w_isolatedH_bluehive_028,expand/r09_hot_w_isolatedH_bluehive_028.inp,expand/r09_hot_w_isolatedH_bluehive_028.slurm,1,1,28
29,r09_hot_w_isolatedH_bluehive_029,expand/r09_hot_w_isolatedH_bluehive_029.inp,expand/r09_hot_w_isolatedH_bluehive_029.slurm,1,1,31
30,r09_hot_w_isolatedH_bluehive_030,expand/r09_hot_w_isolatedH_bluehive_030.inp,expand/r09_hot_w_isolatedH_bluehive_030.slurm,0,1,36
31,r09_hot_w_isolatedH_bluehive_031,expand/r09_hot_w_isolatedH_bluehive_031.inp,expand/r09_hot_w_isolatedH_bluehive_031.slurm,0,1,42
32,r09_hot_w_isolatedH_bluehive_032,expand/r09_hot_w_isolatedH_bluehive_032.inp,expand/r09_hot_w_isolatedH_bluehive_032.slurm,0,1,36
33,r09_hot_w_isolatedH_bluehive_033,expand/r09_hot_w_isolatedH_bluehive_033.inp,expand/r09_hot_w_isolatedH_bluehive_033.slurm,0,1,33
34,r09_hot_w_isolatedH_bluehive_034,expand/r09_hot_w_isolatedH_bluehive_034.inp,expand/r09_hot_w_isolatedH_bluehive_034.slurm,0,1,33
35,r09_hot_w_isolatedH_bluehive_035,expand/r09_hot_w_isolatedH_bluehive_035.inp,expand/r09_hot_w_isolatedH_bluehive_035.slurm,0,1,39
36,r09_hot_w_isolatedH_bluehive_036,expand/r09_hot_w_isolatedH_bluehive_036.inp,expand/r09_hot_w_isolatedH_bluehive_036.slurm,0,1,45
37,r09_hot_w_isolatedH_bluehive_037,expand/r09_hot_w_isolatedH_bluehive_037.inp,expand/r09_hot_w_isolatedH_bluehive_037.slurm,0,1,36
38,r09_hot_w_isolatedH_bluehive_038,expand/r09_hot_w_isolatedH_bluehive_038.inp,expand/r09_hot_w_isolatedH_bluehive_038.slurm,0,1,45
39,r09_hot_w_isolatedH_bluehive_039,expand/r09_hot_w_isolatedH_bluehive_039.inp,expand/r09_hot_w_isolatedH_bluehive_039.slurm,0,1,33
40,r09_hot_w_isolatedH_bluehive_040,expand/r09_hot_w_isolatedH_bluehive_040.inp,expand/r09_hot_w_isolatedH_bluehive_040.slurm,2,1,62
41,r09_hot_w_isolatedH_bluehive_041,expand/r09_hot_w_isolatedH_bluehive_041.inp,expand/r09_hot_w_isolatedH_bluehive_041.slurm,1,1,61
42,r09_hot_w_isolatedH_bluehive_042,expand/r09_hot_w_isolatedH_bluehive_042.inp,expand/r09_hot_w_isolatedH_bluehive_042.slurm,1,1,43
43,r09_hot_w_isolatedH_bluehive_043,expand/r09_hot_w_isolatedH_bluehive_043.inp,expand/r09_hot_w_isolatedH_bluehive_043.slurm,1,1,37
44,r09_hot_w_isolatedH_bluehive_044,expand/r09_hot_w_isolatedH_bluehive_044.inp,expand/r09_hot_w_isolatedH_bluehive_044.slurm,1,1,34
45,r09_hot_w_isolatedH_bluehive_045,expand/r09_hot_w_isolatedH_bluehive_045.inp,expand/r09_hot_w_isolatedH_bluehive_045.slurm,1,1,40
46,r09_hot_w_isolatedH_bluehive_046,expand/r09_hot_w_isolatedH_bluehive_046.inp,expand/r09_hot_w_isolatedH_bluehive_046.slurm,0,1,54
47,r09_hot_w_isolatedH_bluehive_047,expand/r09_hot_w_isolatedH_bluehive_047.inp,expand/r09_hot_w_isolatedH_bluehive_047.slurm,1,1,37
48,r09_hot_w_isolatedH_bluehive_048,expand/r09_hot_w_isolatedH_bluehive_048.inp,expand/r09_hot_w_isolatedH_bluehive_048.slurm,1,1,46
49,r09_hot_w_isolatedH_bluehive_049,expand/r09_hot_w_isolatedH_bluehive_049.inp,expand/r09_hot_w_isolatedH_bluehive_049.slurm,2,1,56
50,r09_hot_w_isolatedH_bluehive_050,expand/r09_hot_w_isolatedH_bluehive_050.inp,expand/r09_hot_w_isolatedH_bluehive_050.slurm,0,1,24
51,r09_hot_w_isolatedH_bluehive_051,expand/r09_hot_w_isolatedH_bluehive_051.inp,expand/r09_hot_w_isolatedH_bluehive_051.slurm,0,1,33
52,r09_hot_w_isolatedH_bluehive_052,expand/r09_hot_w_isolatedH_bluehive_052.inp,expand/r09_hot_w_isolatedH_bluehive_052.slurm,0,1,45
53,r09_hot_w_isolatedH_bluehive_053,expand/r09_hot_w_isolatedH_bluehive_053.inp,expand/r09_hot_w_isolatedH_bluehive_053.slurm,0,1,42
54,r09_hot_w_isolatedH_bluehive_054,expand/r09_hot_w_isolatedH_bluehive_054.inp,expand/r09_hot_w_isolatedH_bluehive_054.slurm,0,1,33
55,r09_hot_w_isolatedH_bluehive_055,expand/r09_hot_w_isolatedH_bluehive_055.inp,expand/r09_hot_w_isolatedH_bluehive_055.slurm,1,1,22
56,r09_hot_w_isolatedH_bluehive_056,expand/r09_hot_w_isolatedH_bluehive_056.inp,expand/r09_hot_w_isolatedH_bluehive_056.slurm,1,1,34
57,r09_hot_w_isolatedH_bluehive_057,expand/r09_hot_w_isolatedH_bluehive_057.inp,expand/r09_hot_w_isolatedH_bluehive_057.slurm,1,1,49
58,r09_hot_w_isolatedH_bluehive_058,expand/r09_hot_w_isolatedH_bluehive_058.inp,expand/r09_hot_w_isolatedH_bluehive_058.slurm,1,1,46
59,r09_hot_w_isolatedH_bluehive_059,expand/r09_hot_w_isolatedH_bluehive_059.inp,expand/r09_hot_w_isolatedH_bluehive_059.slurm,1,1,46
60,r09_hot_w_isolatedH_bluehive_060,expand/r09_hot_w_isolatedH_bluehive_060.inp,expand/r09_hot_w_isolatedH_bluehive_060.slurm,1,1,40
61,r09_hot_w_isolatedH_bluehive_061,expand/r09_hot_w_isolatedH_bluehive_061.inp,expand/r09_hot_w_isolatedH_bluehive_061.slurm,1,1,34
62,r09_hot_w_isolatedH_bluehive_062,expand/r09_hot_w_isolatedH_bluehive_062.inp,expand/r09_hot_w_isolatedH_bluehive_062.slurm,1,1,31
63,r09_hot_w_isolatedH_bluehive_063,expand/r09_hot_w_isolatedH_bluehive_063.inp,expand/r09_hot_w_isolatedH_bluehive_063.slurm,1,1,40
64,r09_hot_w_isolatedH_bluehive_064,expand/r09_hot_w_isolatedH_bluehive_064.inp,expand/r09_hot_w_isolatedH_bluehive_064.slurm,1,1,37
65,r09_hot_w_isolatedH_bluehive_065,expand/r09_hot_w_isolatedH_bluehive_065.inp,expand/r09_hot_w_isolatedH_bluehive_065.slurm,1,1,28
66,r09_hot_w_isolatedH_bluehive_066,expand/r09_hot_w_isolatedH_bluehive_066.inp,expand/r09_hot_w_isolatedH_bluehive_066.slurm,1,1,28
67,r09_hot_w_isolatedH_bluehive_067,expand/r09_hot_w_isolatedH_bluehive_067.inp,expand/r09_hot_w_isolatedH_bluehive_067.slurm,1,1,34
68,r09_hot_w_isolatedH_bluehive_068,expand/r09_hot_w_isolatedH_bluehive_068.inp,expand/r09_hot_w_isolatedH_bluehive_068.slurm,1,1,34
69,r09_hot_w_isolatedH_bluehive_069,expand/r09_hot_w_isolatedH_bluehive_069.inp,expand/r09_hot_w_isolatedH_bluehive_069.slurm,1,1,46
70,r09_hot_w_isolatedH_bluehive_070,expand/r09_hot_w_isolatedH_bluehive_070.inp,expand/r09_hot_w_isolatedH_bluehive_070.slurm,0,1,30
71,r09_hot_w_isolatedH_bluehive_071,expand/r09_hot_w_isolatedH_bluehive_071.inp,expand/r09_hot_w_isolatedH_bluehive_071.slurm,1,1,34
72,r09_hot_w_isolatedH_bluehive_072,expand/r09_hot_w_isolatedH_bluehive_072.inp,expand/r09_hot_w_isolatedH_bluehive_072.slurm,1,1,31
73,r09_hot_w_isolatedH_bluehive_073,expand/r09_hot_w_isolatedH_bluehive_073.inp,expand/r09_hot_w_isolatedH_bluehive_073.slurm,1,1,28
74,r09_hot_w_isolatedH_bluehive_074,expand/r09_hot_w_isolatedH_bluehive_074.inp,expand/r09_hot_w_isolatedH_bluehive_074.slurm,1,1,28
75,r09_hot_w_isolatedH_bluehive_075,expand/r09_hot_w_isolatedH_bluehive_075.inp,expand/r09_hot_w_isolatedH_bluehive_075.slurm,1,1,31
76,r09_hot_w_isolatedH_bluehive_076,expand/r09_hot_w_isolatedH_bluehive_076.inp,expand/r09_hot_w_isolatedH_bluehive_076.slurm,1,1,34
77,r09_hot_w_isolatedH_bluehive_077,expand/r09_hot_w_isolatedH_bluehive_077.inp,expand/r09_hot_w_isolatedH_bluehive_077.slurm,1,1,40
78,r09_hot_w_isolatedH_bluehive_078,expand/r09_hot_w_isolatedH_bluehive_078.inp,expand/r09_hot_w_isolatedH_bluehive_078.slurm,1,1,34
79,r09_hot_w_isolatedH_bluehive_079,expand/r09_hot_w_isolatedH_bluehive_079.inp,expand/r09_hot_w_isolatedH_bluehive_079.slurm,1,1,40
80,r09_hot_w_isolatedH_bluehive_080,expand/r09_hot_w_isolatedH_bluehive_080.inp,expand/r09_hot_w_isolatedH_bluehive_080.slurm,1,1,34
81,r09_hot_w_isolatedH_bluehive_081,expand/r09_hot_w_isolatedH_bluehive_081.inp,expand/r09_hot_w_isolatedH_bluehive_081.slurm,1,1,34
82,r09_hot_w_isolatedH_bluehive_082,expand/r09_hot_w_isolatedH_bluehive_082.inp,expand/r09_hot_w_isolatedH_bluehive_082.slurm,1,1,55
83,r09_hot_w_isolatedH_bluehive_083,expand/r09_hot_w_isolatedH_bluehive_083.inp,expand/r09_hot_w_isolatedH_bluehive_083.slurm,1,1,61
84,r09_hot_w_isolatedH_bluehive_084,expand/r09_hot_w_isolatedH_bluehive_084.inp,expand/r09_hot_w_isolatedH_bluehive_084.slurm,1,1,43
85,r09_hot_w_isolatedH_bluehive_085,expand/r09_hot_w_isolatedH_bluehive_085.inp,expand/r09_hot_w_isolatedH_bluehive_085.slurm,1,1,37
86,r09_hot_w_isolatedH_bluehive_086,expand/r09_hot_w_isolatedH_bluehive_086.inp,expand/r09_hot_w_isolatedH_bluehive_086.slurm,1,1,40
87,r09_hot_w_isolatedH_bluehive_087,expand/r09_hot_w_isolatedH_bluehive_087.inp,expand/r09_hot_w_isolatedH_bluehive_087.slurm,1,1,28
88,r09_hot_w_isolatedH_bluehive_088,expand/r09_hot_w_isolatedH_bluehive_088.inp,expand/r09_hot_w_isolatedH_bluehive_088.slurm,1,1,37
89,r09_hot_w_isolatedH_bluehive_089,expand/r09_hot_w_isolatedH_bluehive_089.inp,expand/r09_hot_w_isolatedH_bluehive_089.slurm,1,1,43
90,r09_hot_w_isolatedH_bluehive_090,expand/r09_hot_w_isolatedH_bluehive_090.inp,expand/r09_hot_w_isolatedH_bluehive_090.slurm,1,1,31
91,r09_hot_w_isolatedH_bluehive_091,expand/r09_hot_w_isolatedH_bluehive_091.inp,expand/r09_hot_w_isolatedH_bluehive_091.slurm,1,1,31
92,r09_hot_w_isolatedH_bluehive_092,expand/r09_hot_w_isolatedH_bluehive_092.inp,expand/r09_hot_w_isolatedH_bluehive_092.slurm,1,1,28
93,r09_hot_w_isolatedH_bluehive_093,expand/r09_hot_w_isolatedH_bluehive_093.inp,expand/r09_hot_w_isolatedH_bluehive_093.slurm,1,1,31
94,r09_hot_w_isolatedH_bluehive_094,expand/r09_hot_w_isolatedH_bluehive_094.inp,expand/r09_hot_w_isolatedH_bluehive_094.slurm,1,1,34
95,r09_hot_w_isolatedH_bluehive_095,expand/r09_hot_w_isolatedH_bluehive_095.inp,expand/r09_hot_w_isolatedH_bluehive_095.slurm,1,1,34
96,r09_hot_w_isolatedH_bluehive_096,expand/r09_hot_w_isolatedH_bluehive_096.inp,expand/r09_hot_w_isolatedH_bluehive_096.slurm,1,1,37
97,r09_hot_w_isolatedH_bluehive_097,expand/r09_hot_w_isolatedH_bluehive_097.inp,expand/r09_hot_w_isolatedH_bluehive_097.slurm,1,1,40
98,r09_hot_w_isolatedH_bluehive_098,expand/r09_hot_w_isolatedH_bluehive_098.inp,expand/r09_hot_w_isolatedH_bluehive_098.slurm,1,1,28
99,r09_hot_w_isolatedH_bluehive_099,expand/r09_hot_w_isolatedH_bluehive_099.inp,expand/r09_hot_w_isolatedH_bluehive_099.slurm,1,1,31
100,r09_hot_w_isolatedH_bluehive_100,expand/r09_hot_w_isolatedH_bluehive_100.inp,expand/r09_hot_w_isolatedH_bluehive_100.slurm,-1,1,44
101,r09_hot_w_isolatedH_bluehive_101,expand/r09_hot_w_isolatedH_bluehive_101.inp,expand/r09_hot_w_isolatedH_bluehive_101.slurm,-1,1,44
102,r09_hot_w_isolatedH_bluehive_102,expand/r09_hot_w_isolatedH_bluehive_102.inp,expand/r09_hot_w_isolatedH_bluehive_102.slurm,-1,1,44
103,r09_hot_w_isolatedH_bluehive_103,expand/r09_hot_w_isolatedH_bluehive_103.inp,expand/r09_hot_w_isolatedH_bluehive_103.slurm,-1,1,53
104,r09_hot_w_isolatedH_bluehive_104,expand/r09_hot_w_isolatedH_bluehive_104.inp,expand/r09_hot_w_isolatedH_bluehive_104.slurm,0,1,42
105,r09_hot_w_isolatedH_bluehive_105,expand/r09_hot_w_isolatedH_bluehive_105.inp,expand/r09_hot_w_isolatedH_bluehive_105.slurm,-1,1,50
106,r09_hot_w_isolatedH_bluehive_106,expand/r09_hot_w_isolatedH_bluehive_106.inp,expand/r09_hot_w_isolatedH_bluehive_106.slurm,-1,1,44
107,r09_hot_w_isolatedH_bluehive_107,expand/r09_hot_w_isolatedH_bluehive_107.inp,expand/r09_hot_w_isolatedH_bluehive_107.slurm,-1,1,38
108,r09_hot_w_isolatedH_bluehive_108,expand/r09_hot_w_isolatedH_bluehive_108.inp,expand/r09_hot_w_isolatedH_bluehive_108.slurm,-1,1,50
109,r09_hot_w_isolatedH_bluehive_109,expand/r09_hot_w_isolatedH_bluehive_109.inp,expand/r09_hot_w_isolatedH_bluehive_109.slurm,0,1,36
110,r09_hot_w_isolatedH_bluehive_110,expand/r09_hot_w_isolatedH_bluehive_110.inp,expand/r09_hot_w_isolatedH_bluehive_110.slurm,1,1,22
111,r09_hot_w_isolatedH_bluehive_111,expand/r09_hot_w_isolatedH_bluehive_111.inp,expand/r09_hot_w_isolatedH_bluehive_111.slurm,1,1,28
112,r09_hot_w_isolatedH_bluehive_112,expand/r09_hot_w_isolatedH_bluehive_112.inp,expand/r09_hot_w_isolatedH_bluehive_112.slurm,1,1,34
113,r09_hot_w_isolatedH_bluehive_113,expand/r09_hot_w_isolatedH_bluehive_113.inp,expand/r09_hot_w_isolatedH_bluehive_113.slurm,1,1,37
114,r09_hot_w_isolatedH_bluehive_114,expand/r09_hot_w_isolatedH_bluehive_114.inp,expand/r09_hot_w_isolatedH_bluehive_114.slurm,1,1,37
115,r09_hot_w_isolatedH_bluehive_115,expand/r09_hot_w_isolatedH_bluehive_115.inp,expand/r09_hot_w_isolatedH_bluehive_115.slurm,1,1,43
116,r09_hot_w_isolatedH_bluehive_116,expand/r09_hot_w_isolatedH_bluehive_116.inp,expand/r09_hot_w_isolatedH_bluehive_116.slurm,1,1,49
117,r09_hot_w_isolatedH_bluehive_117,expand/r09_hot_w_isolatedH_bluehive_117.inp,expand/r09_hot_w_isolatedH_bluehive_117.slurm,1,1,40
118,r09_hot_w_isolatedH_bluehive_118,expand/r09_hot_w_isolatedH_bluehive_118.inp,expand/r09_hot_w_isolatedH_bluehive_118.slurm,0,1,57
119,r09_hot_w_isolatedH_bluehive_119,expand/r09_hot_w_isolatedH_bluehive_119.inp,expand/r09_hot_w_isolatedH_bluehive_119.slurm,1,1,37
120,r09_hot_w_isolatedH_bluehive_120,expand/r09_hot_w_isolatedH_bluehive_120.inp,expand/r09_hot_w_isolatedH_bluehive_120.slurm,1,1,25
121,r09_hot_w_isolatedH_bluehive_121,expand/r09_hot_w_isolatedH_bluehive_121.inp,expand/r09_hot_w_isolatedH_bluehive_121.slurm,1,1,31
122,r09_hot_w_isolatedH_bluehive_122,expand/r09_hot_w_isolatedH_bluehive_122.inp,expand/r09_hot_w_isolatedH_bluehive_122.slurm,1,1,28
123,r09_hot_w_isolatedH_bluehive_123,expand/r09_hot_w_isolatedH_bluehive_123.inp,expand/r09_hot_w_isolatedH_bluehive_123.slurm,1,1,25
124,r09_hot_w_isolatedH_bluehive_124,expand/r09_hot_w_isolatedH_bluehive_124.inp,expand/r09_hot_w_isolatedH_bluehive_124.slurm,1,1,25
125,r09_hot_w_isolatedH_bluehive_125,expand/r09_hot_w_isolatedH_bluehive_125.inp,expand/r09_hot_w_isolatedH_bluehive_125.slurm,1,1,28
126,r09_hot_w_isolatedH_bluehive_126,expand/r09_hot_w_isolatedH_bluehive_126.inp,expand/r09_hot_w_isolatedH_bluehive_126.slurm,1,1,22
127,r09_hot_w_isolatedH_bluehive_127,expand/r09_hot_w_isolatedH_bluehive_127.inp,expand/r09_hot_w_isolatedH_bluehive_127.slurm,1,1,25
128,r09_hot_w_isolatedH_bluehive_128,expand/r09_hot_w_isolatedH_bluehive_128.inp,expand/r09_hot_w_isolatedH_bluehive_128.slurm,1,1,25
129,r09_hot_w_isolatedH_bluehive_129,expand/r09_hot_w_isolatedH_bluehive_129.inp,expand/r09_hot_w_isolatedH_bluehive_129.slurm,1,1,22
130,r09_hot_w_isolatedH_bluehive_130,expand/r09_hot_w_isolatedH_bluehive_130.inp,expand/r09_hot_w_isolatedH_bluehive_130.slurm,0,1,24
131,r09_hot_w_isolatedH_bluehive_131,expand/r09_hot_w_isolatedH_bluehive_131.inp,expand/r09_hot_w_isolatedH_bluehive_131.slurm,0,1,33
132,r09_hot_w_isolatedH_bluehive_132,expand/r09_hot_w_isolatedH_bluehive_132.inp,expand/r09_hot_w_isolatedH_bluehive_132.slurm,0,1,42
133,r09_hot_w_isolatedH_bluehive_133,expand/r09_hot_w_isolatedH_bluehive_133.inp,expand/r09_hot_w_isolatedH_bluehive_133.slurm,0,1,39
134,r09_hot_w_isolatedH_bluehive_134,expand/r09_hot_w_isolatedH_bluehive_134.inp,expand/r09_hot_w_isolatedH_bluehive_134.slurm,0,1,39
135,r09_hot_w_isolatedH_bluehive_135,expand/r09_hot_w_isolatedH_bluehive_135.inp,expand/r09_hot_w_isolatedH_bluehive_135.slurm,0,1,27
136,r09_hot_w_isolatedH_bluehive_136,expand/r09_hot_w_isolatedH_bluehive_136.inp,expand/r09_hot_w_isolatedH_bluehive_136.slurm,0,1,24
137,r09_hot_w_isolatedH_bluehive_137,expand/r09_hot_w_isolatedH_bluehive_137.inp,expand/r09_hot_w_isolatedH_bluehive_137.slurm,1,1,31
138,r09_hot_w_isolatedH_bluehive_138,expand/r09_hot_w_isolatedH_bluehive_138.inp,expand/r09_hot_w_isolatedH_bluehive_138.slurm,1,1,28
139,r09_hot_w_isolatedH_bluehive_139,expand/r09_hot_w_isolatedH_bluehive_139.inp,expand/r09_hot_w_isolatedH_bluehive_139.slurm,1,1,28
140,r09_hot_w_isolatedH_bluehive_140,expand/r09_hot_w_isolatedH_bluehive_140.inp,expand/r09_hot_w_isolatedH_bluehive_140.slurm,0,1,42
141,r09_hot_w_isolatedH_bluehive_141,expand/r09_hot_w_isolatedH_bluehive_141.inp,expand/r09_hot_w_isolatedH_bluehive_141.slurm,0,1,36
142,r09_hot_w_isolatedH_bluehive_142,expand/r09_hot_w_isolatedH_bluehive_142.inp,expand/r09_hot_w_isolatedH_bluehive_142.slurm,0,1,36
143,r09_hot_w_isolatedH_bluehive_143,expand/r09_hot_w_isolatedH_bluehive_143.inp,expand/r09_hot_w_isolatedH_bluehive_143.slurm,0,1,39
144,r09_hot_w_isolatedH_bluehive_144,expand/r09_hot_w_isolatedH_bluehive_144.inp,expand/r09_hot_w_isolatedH_bluehive_144.slurm,-1,1,38
145,r09_hot_w_isolatedH_bluehive_145,expand/r09_hot_w_isolatedH_bluehive_145.inp,expand/r09_hot_w_isolatedH_bluehive_145.slurm,0,1,30
146,r09_hot_w_isolatedH_bluehive_146,expand/r09_hot_w_isolatedH_bluehive_146.inp,expand/r09_hot_w_isolatedH_bluehive_146.slurm,0,1,24
147,r09_hot_w_isolatedH_bluehive_147,expand/r09_hot_w_isolatedH_bluehive_147.inp,expand/r09_hot_w_isolatedH_bluehive_147.slurm,-1,1,35
148,r09_hot_w_isolatedH_bluehive_148,expand/r09_hot_w_isolatedH_bluehive_148.inp,expand/r09_hot_w_isolatedH_bluehive_148.slurm,0,1,27
149,r09_hot_w_isolatedH_bluehive_149,expand/r09_hot_w_isolatedH_bluehive_149.inp,expand/r09_hot_w_isolatedH_bluehive_149.slurm,0,1,30
150,r09_hot_w_isolatedH_bluehive_150,expand/r09_hot_w_isolatedH_bluehive_150.inp,expand/r09_hot_w_isolatedH_bluehive_150.slurm,0,1,39
151,r09_hot_w_isolatedH_bluehive_151,expand/r09_hot_w_isolatedH_bluehive_151.inp,expand/r09_hot_w_isolatedH_bluehive_151.slurm,1,1,37
152,r09_hot_w_isolatedH_bluehive_152,expand/r09_hot_w_isolatedH_bluehive_152.inp,expand/r09_hot_w_isolatedH_bluehive_152.slurm,1,1,43
153,r09_hot_w_isolatedH_bluehive_153,expand/r09_hot_w_isolatedH_bluehive_153.inp,expand/r09_hot_w_isolatedH_bluehive_153.slurm,1,1,37
154,r09_hot_w_isolatedH_bluehive_154,expand/r09_hot_w_isolatedH_bluehive_154.inp,expand/r09_hot_w_isolatedH_bluehive_154.slurm,1,1,31
155,r09_hot_w_isolatedH_bluehive_155,expand/r09_hot_w_isolatedH_bluehive_155.inp,expand/r09_hot_w_isolatedH_bluehive_155.slurm,1,1,37
156,r09_hot_w_isolatedH_bluehive_156,expand/r09_hot_w_isolatedH_bluehive_156.inp,expand/r09_hot_w_isolatedH_bluehive_156.slurm,1,1,34
157,r09_hot_w_isolatedH_bluehive_157,expand/r09_hot_w_isolatedH_bluehive_157.inp,expand/r09_hot_w_isolatedH_bluehive_157.slurm,1,1,31
158,r09_hot_w_isolatedH_bluehive_158,expand/r09_hot_w_isolatedH_bluehive_158.inp,expand/r09_hot_w_isolatedH_bluehive_158.slurm,0,1,27
159,r09_hot_w_isolatedH_bluehive_159,expand/r09_hot_w_isolatedH_bluehive_159.inp,expand/r09_hot_w_isolatedH_bluehive_159.slurm,0,1,27
160,r09_hot_w_isolatedH_bluehive_160,expand/r09_hot_w_isolatedH_bluehive_160.inp,expand/r09_hot_w_isolatedH_bluehive_160.slurm,1,1,43
161,r09_hot_w_isolatedH_bluehive_161,expand/r09_hot_w_isolatedH_bluehive_161.inp,expand/r09_hot_w_isolatedH_bluehive_161.slurm,1,1,40
162,r09_hot_w_isolatedH_bluehive_162,expand/r09_hot_w_isolatedH_bluehive_162.inp,expand/r09_hot_w_isolatedH_bluehive_162.slurm,1,1,25
163,r09_hot_w_isolatedH_bluehive_163,expand/r09_hot_w_isolatedH_bluehive_163.inp,expand/r09_hot_w_isolatedH_bluehive_163.slurm,0,1,27
164,r09_hot_w_isolatedH_bluehive_164,expand/r09_hot_w_isolatedH_bluehive_164.inp,expand/r09_hot_w_isolatedH_bluehive_164.slurm,0,1,30
165,r09_hot_w_isolatedH_bluehive_165,expand/r09_hot_w_isolatedH_bluehive_165.inp,expand/r09_hot_w_isolatedH_bluehive_165.slurm,1,1,28
166,r09_hot_w_isolatedH_bluehive_166,expand/r09_hot_w_isolatedH_bluehive_166.inp,expand/r09_hot_w_isolatedH_bluehive_166.slurm,1,1,31
167,r09_hot_w_isolatedH_bluehive_167,expand/r09_hot_w_isolatedH_bluehive_167.inp,expand/r09_hot_w_isolatedH_bluehive_167.slurm,1,1,37
168,r09_hot_w_isolatedH_bluehive_168,expand/r09_hot_w_isolatedH_bluehive_168.inp,expand/r09_hot_w_isolatedH_bluehive_168.slurm,1,1,40
169,r09_hot_w_isolatedH_bluehive_169,expand/r09_hot_w_isolatedH_bluehive_169.inp,expand/r09_hot_w_isolatedH_bluehive_169.slurm,1,1,40
170,r09_hot_w_isolatedH_bluehive_170,expand/r09_hot_w_isolatedH_bluehive_170.inp,expand/r09_hot_w_isolatedH_bluehive_170.slurm,1,1,37
171,r09_hot_w_isolatedH_bluehive_171,expand/r09_hot_w_isolatedH_bluehive_171.inp,expand/r09_hot_w_isolatedH_bluehive_171.slurm,1,1,37
172,r09_hot_w_isolatedH_bluehive_172,expand/r09_hot_w_isolatedH_bluehive_172.inp,expand/r09_hot_w_isolatedH_bluehive_172.slurm,0,1,42
173,r09_hot_w_isolatedH_bluehive_173,expand/r09_hot_w_isolatedH_bluehive_173.inp,expand/r09_hot_w_isolatedH_bluehive_173.slurm,1,1,31
174,r09_hot_w_isolatedH_bluehive_174,expand/r09_hot_w_isolatedH_bluehive_174.inp,expand/r09_hot_w_isolatedH_bluehive_174.slurm,0,1,39
175,r09_hot_w_isolatedH_bluehive_175,expand/r09_hot_w_isolatedH_bluehive_175.inp,expand/r09_hot_w_isolatedH_bluehive_175.slurm,0,1,30
176,r09_hot_w_isolatedH_bluehive_176,expand/r09_hot_w_isolatedH_bluehive_176.inp,expand/r09_hot_w_isolatedH_bluehive_176.slurm,0,1,36
177,r09_hot_w_isolatedH_bluehive_177,expand/r09_hot_w_isolatedH_bluehive_177.inp,expand/r09_hot_w_isolatedH_bluehive_177.slurm,1,1,49
178,r09_hot_w_isolatedH_bluehive_178,expand/r09_hot_w_isolatedH_bluehive_178.inp,expand/r09_hot_w_isolatedH_bluehive_178.slurm,1,1,37
179,r09_hot_w_isolatedH_bluehive_179,expand/r09_hot_w_isolatedH_bluehive_179.inp,expand/r09_hot_w_isolatedH_bluehive_179.slurm,-1,1,35
